Time_s,RoadElevation_m
0,0
0.001,0
0.002,0
0.003,0
0.004,0
0.005,0
0.006,0
0.007,0
0.008,0
0.009,0
0.01,0
0.011,0
0.012,0
0.013,0
0.014,0
0.015,0
0.016,0
0.017,0
0.018,0
0.019,0
0.02,0
0.021,0
0.022,0
0.023,0
0.024,0
0.025,0
0.026,0
0.027,0
0.028,0
0.029,0
0.03,0
0.031,0
0.032,0
0.033,0
0.034,0
0.035,0
0.036,0
0.037,0
0.038,0
0.039,0
0.04,0
0.041,0
0.042,0
0.043,0
0.044,0
0.045,0
0.046,0
0.047,0
0.048,0
0.049,0
0.05,0
0.051,0
0.052,0
0.053,0
0.054,0
0.055,0
0.056,0
0.057,0
0.058,0
0.059,0
0.06,0
0.061,0
0.062,0
0.063,0
0.064,0
0.065,0
0.066,0
0.067,0
0.068,0
0.069,0
0.07,0
0.071,0
0.072,0
0.073,0
0.074,0
0.075,0
0.076,0
0.077,0
0.078,0
0.079,0
0.08,0
0.081,0
0.082,0
0.083,0
0.084,0
0.085,0
0.086,0
0.087,0
0.088,0
0.089,0
0.09,0
0.091,0
0.092,0
0.093,0
0.094,0
0.095,0
0.096,0
0.097,0
0.098,0
0.099,0
0.1,0
0.101,0
0.102,0
0.103,0
0.104,0
0.105,0
0.106,0
0.107,0
0.108,0
0.109,0
0.11,0
0.111,0
0.112,0
0.113,0
0.114,0
0.115,0
0.116,0
0.117,0
0.118,0
0.119,0
0.12,0
0.121,0
0.122,0
0.123,0
0.124,0
0.125,0
0.126,0
0.127,0
0.128,0
0.129,0
0.13,0
0.131,0
0.132,0
0.133,0
0.134,0
0.135,0
0.136,0
0.137,0
0.138,0
0.139,0
0.14,0
0.141,0
0.142,0
0.143,0
0.144,0
0.145,0
0.146,0
0.147,0
0.148,0
0.149,0
0.15,0
0.151,0
0.152,0
0.153,0
0.154,0
0.155,0
0.156,0
0.157,0
0.158,0
0.159,0
0.16,0
0.161,0
0.162,0
0.163,0
0.164,0
0.165,0
0.166,0
0.167,0
0.168,0
0.169,0
0.17,0
0.171,0
0.172,0
0.173,0
0.174,0
0.175,0
0.176,0
0.177,0
0.178,0
0.179,0
0.18,0
0.181,0
0.182,0
0.183,0
0.184,0
0.185,0
0.186,0
0.187,0
0.188,0
0.189,0
0.19,0
0.191,0
0.192,0
0.193,0
0.194,0
0.195,0
0.196,0
0.197,0
0.198,0
0.199,0
0.2,0
0.201,0
0.202,0
0.203,0
0.204,0
0.205,0
0.206,0
0.207,0
0.208,0
0.209,0
0.21,0
0.211,0
0.212,0
0.213,0
0.214,0
0.215,0
0.216,0
0.217,0
0.218,0
0.219,0
0.22,0
0.221,0
0.222,0
0.223,0
0.224,0
0.225,0
0.226,0
0.227,0
0.228,0
0.229,0
0.23,0
0.231,0
0.232,0
0.233,0
0.234,0
0.235,0
0.236,0
0.237,0
0.238,0
0.239,0
0.24,0
0.241,0
0.242,0
0.243,0
0.244,0
0.245,0
0.246,0
0.247,0
0.248,0
0.249,0
0.25,0
0.251,0
0.252,0
0.253,0
0.254,0
0.255,0
0.256,0
0.257,0
0.258,0
0.259,0
0.26,0
0.261,0
0.262,0
0.263,0
0.264,0
0.265,0
0.266,0
0.267,0
0.268,0
0.269,0
0.27,0
0.271,0
0.272,0
0.273,0
0.274,0
0.275,0
0.276,0
0.277,0
0.278,0
0.279,0
0.28,0
0.281,0
0.282,0
0.283,0
0.284,0
0.285,0
0.286,0
0.287,0
0.288,0
0.289,0
0.29,0
0.291,0
0.292,0
0.293,0
0.294,0
0.295,0
0.296,0
0.297,0
0.298,0
0.299,0
0.3,0
0.301,0
0.302,0
0.303,0
0.304,0
0.305,0
0.306,0
0.307,0
0.308,0
0.309,0
0.31,0
0.311,0
0.312,0
0.313,0
0.314,0
0.315,0
0.316,0
0.317,0
0.318,0
0.319,0
0.32,0
0.321,0
0.322,0
0.323,0
0.324,0
0.325,0
0.326,0
0.327,0
0.328,0
0.329,0
0.33,0
0.331,0
0.332,0
0.333,0
0.334,0
0.335,0
0.336,0
0.337,0
0.338,0
0.339,0
0.34,0
0.341,0
0.342,0
0.343,0
0.344,0
0.345,0
0.346,0
0.347,0
0.348,0
0.349,0
0.35,0
0.351,0
0.352,0
0.353,0
0.354,0
0.355,0
0.356,0
0.357,0
0.358,0
0.359,0
0.36,0
0.361,0
0.362,0
0.363,0
0.364,0
0.365,0
0.366,0
0.367,0
0.368,0
0.369,0
0.37,0
0.371,0
0.372,0
0.373,0
0.374,0
0.375,0
0.376,0
0.377,0
0.378,0
0.379,0
0.38,0
0.381,0
0.382,0
0.383,0
0.384,0
0.385,0
0.386,0
0.387,0
0.388,0
0.389,0
0.39,0
0.391,0
0.392,0
0.393,0
0.394,0
0.395,0
0.396,0
0.397,0
0.398,0
0.399,0
0.4,0
0.401,0
0.402,0
0.403,0
0.404,0
0.405,0
0.406,0
0.407,0
0.408,0
0.409,0
0.41,0
0.411,0
0.412,0
0.413,0
0.414,0
0.415,0
0.416,0
0.417,0
0.418,0
0.419,0
0.42,0
0.421,0
0.422,0
0.423,0
0.424,0
0.425,0
0.426,0
0.427,0
0.428,0
0.429,0
0.43,0
0.431,0
0.432,0
0.433,0
0.434,0
0.435,0
0.436,0
0.437,0
0.438,0
0.439,0
0.44,0
0.441,0
0.442,0
0.443,0
0.444,0
0.445,0
0.446,0
0.447,0
0.448,0
0.449,0
0.45,0
0.451,0
0.452,0
0.453,0
0.454,0
0.455,0
0.456,0
0.457,0
0.458,0
0.459,0
0.46,0
0.461,0
0.462,0
0.463,0
0.464,0
0.465,0
0.466,0
0.467,0
0.468,0
0.469,0
0.47,0
0.471,0
0.472,0
0.473,0
0.474,0
0.475,0
0.476,0
0.477,0
0.478,0
0.479,0
0.48,0
0.481,0
0.482,0
0.483,0
0.484,0
0.485,0
0.486,0
0.487,0
0.488,0
0.489,0
0.49,0
0.491,0
0.492,0
0.493,0
0.494,0
0.495,0
0.496,0
0.497,0
0.498,0
0.499,0
0.5,0
0.501,0
0.502,0
0.503,0
0.504,0
0.505,0
0.506,0
0.507,0
0.508,0
0.509,0
0.51,0
0.511,0
0.512,0
0.513,0
0.514,0
0.515,0
0.516,0
0.517,0
0.518,0
0.519,0
0.52,0
0.521,0
0.522,0
0.523,0
0.524,0
0.525,0
0.526,0
0.527,0
0.528,0
0.529,0
0.53,0
0.531,0
0.532,0
0.533,0
0.534,0
0.535,0
0.536,0
0.537,0
0.538,0
0.539,0
0.54,0
0.541,0
0.542,0
0.543,0
0.544,0
0.545,0
0.546,0
0.547,0
0.548,0
0.549,0
0.55,0
0.551,0
0.552,0
0.553,0
0.554,0
0.555,0
0.556,0
0.557,0
0.558,0
0.559,0
0.56,0
0.561,0
0.562,0
0.563,0
0.564,0
0.565,0
0.566,0
0.567,0
0.568,0
0.569,0
0.57,0
0.571,0
0.572,0
0.573,0
0.574,0
0.575,0
0.576,0
0.577,0
0.578,0
0.579,0
0.58,0
0.581,0
0.582,0
0.583,0
0.584,0
0.585,0
0.586,0
0.587,0
0.588,0
0.589,0
0.59,0
0.591,0
0.592,0
0.593,0
0.594,0
0.595,0
0.596,0
0.597,0
0.598,0
0.599,0
0.6,0
0.601,0
0.602,0
0.603,0
0.604,0
0.605,0
0.606,0
0.607,0
0.608,0
0.609,0
0.61,0
0.611,0
0.612,0
0.613,0
0.614,0
0.615,0
0.616,0
0.617,0
0.618,0
0.619,0
0.62,0
0.621,0
0.622,0
0.623,0
0.624,0
0.625,0
0.626,0
0.627,0
0.628,0
0.629,0
0.63,0
0.631,0
0.632,0
0.633,0
0.634,0
0.635,0
0.636,0
0.637,0
0.638,0
0.639,0
0.64,0
0.641,0
0.642,0
0.643,0
0.644,0
0.645,0
0.646,0
0.647,0
0.648,0
0.649,0
0.65,0
0.651,0
0.652,0
0.653,0
0.654,0
0.655,0
0.656,0
0.657,0
0.658,0
0.659,0
0.66,0
0.661,0
0.662,0
0.663,0
0.664,0
0.665,0
0.666,0
0.667,0
0.668,0
0.669,0
0.67,0
0.671,0
0.672,0
0.673,0
0.674,0
0.675,0
0.676,0
0.677,0
0.678,0
0.679,0
0.68,0
0.681,0
0.682,0
0.683,0
0.684,0
0.685,0
0.686,0
0.687,0
0.688,0
0.689,0
0.69,0
0.691,0
0.692,0
0.693,0
0.694,0
0.695,0
0.696,0
0.697,0
0.698,0
0.699,0
0.7,0
0.701,0
0.702,0
0.703,0
0.704,0
0.705,0
0.706,0
0.707,0
0.708,0
0.709,0
0.71,0
0.711,0
0.712,0
0.713,0
0.714,0
0.715,0
0.716,0
0.717,0
0.718,0
0.719,0
0.72,0
0.721,0
0.722,0
0.723,0
0.724,0
0.725,0
0.726,0
0.727,0
0.728,0
0.729,0
0.73,0
0.731,0
0.732,0
0.733,0
0.734,0
0.735,0
0.736,0
0.737,0
0.738,0
0.739,0
0.74,0
0.741,0
0.742,0
0.743,0
0.744,0
0.745,0
0.746,0
0.747,0
0.748,0
0.749,0
0.75,0
0.751,0
0.752,0
0.753,0
0.754,0
0.755,0
0.756,0
0.757,0
0.758,0
0.759,0
0.76,0
0.761,0
0.762,0
0.763,0
0.764,0
0.765,0
0.766,0
0.767,0
0.768,0
0.769,0
0.77,0
0.771,0
0.772,0
0.773,0
0.774,0
0.775,0
0.776,0
0.777,0
0.778,0
0.779,0
0.78,0
0.781,0
0.782,0
0.783,0
0.784,0
0.785,0
0.786,0
0.787,0
0.788,0
0.789,0
0.79,0
0.791,0
0.792,0
0.793,0
0.794,0
0.795,0
0.796,0
0.797,0
0.798,0
0.799,0
0.8,0
0.801,0
0.802,0
0.803,0
0.804,0
0.805,0
0.806,0
0.807,0
0.808,0
0.809,0
0.81,0
0.811,0
0.812,0
0.813,0
0.814,0
0.815,0
0.816,0
0.817,0
0.818,0
0.819,0
0.82,0
0.821,0
0.822,0
0.823,0
0.824,0
0.825,0
0.826,0
0.827,0
0.828,0
0.829,0
0.83,0
0.831,0
0.832,0
0.833,0
0.834,0
0.835,0
0.836,0
0.837,0
0.838,0
0.839,0
0.84,0
0.841,0
0.842,0
0.843,0
0.844,0
0.845,0
0.846,0
0.847,0
0.848,0
0.849,0
0.85,0
0.851,0
0.852,0
0.853,0
0.854,0
0.855,0
0.856,0
0.857,0
0.858,0
0.859,0
0.86,0
0.861,0
0.862,0
0.863,0
0.864,0
0.865,0
0.866,0
0.867,0
0.868,0
0.869,0
0.87,0
0.871,0
0.872,0
0.873,0
0.874,0
0.875,0
0.876,0
0.877,0
0.878,0
0.879,0
0.88,0
0.881,0
0.882,0
0.883,0
0.884,0
0.885,0
0.886,0
0.887,0
0.888,0
0.889,0
0.89,0
0.891,0
0.892,0
0.893,0
0.894,0
0.895,0
0.896,0
0.897,0
0.898,0
0.899,0
0.9,0
0.901,0
0.902,0
0.903,0
0.904,0
0.905,0
0.906,0
0.907,0
0.908,0
0.909,0
0.91,0
0.911,0
0.912,0
0.913,0
0.914,0
0.915,0
0.916,0
0.917,0
0.918,0
0.919,0
0.92,0
0.921,0
0.922,0
0.923,0
0.924,0
0.925,0
0.926,0
0.927,0
0.928,0
0.929,0
0.93,0
0.931,0
0.932,0
0.933,0
0.934,0
0.935,0
0.936,0
0.937,0
0.938,0
0.939,0
0.94,0
0.941,0
0.942,0
0.943,0
0.944,0
0.945,0
0.946,0
0.947,0
0.948,0
0.949,0
0.95,0
0.951,0
0.952,0
0.953,0
0.954,0
0.955,0
0.956,0
0.957,0
0.958,0
0.959,0
0.96,0
0.961,0
0.962,0
0.963,0
0.964,0
0.965,0
0.966,0
0.967,0
0.968,0
0.969,0
0.97,0
0.971,0
0.972,0
0.973,0
0.974,0
0.975,0
0.976,0
0.977,0
0.978,0
0.979,0
0.98,0
0.981,0
0.982,0
0.983,0
0.984,0
0.985,0
0.986,0
0.987,0
0.988,0
0.989,0
0.99,0
0.991,0
0.992,0
0.993,0
0.994,0
0.995,0
0.996,0
0.997,0
0.998,0
0.999,0
1,0
1.001,1.68125046610352e-08
1.002,5.96244272509777e-08
1.003,1.20684068232985e-07
1.004,2.01232739576854e-07
1.005,3.07849950120357e-07
1.006,4.39573584826947e-07
1.007,5.72379221603533e-07
1.008,6.50571488464324e-07
1.009,5.92781859234866e-07
1.01,3.1393451336959e-07
1.011,-2.43581976777398e-07
1.012,-1.08231254335649e-06
1.013,-2.13908498191436e-06
1.014,-3.29890509515193e-06
1.015,-4.43086549188401e-06
1.016,-5.43347973131804e-06
1.017,-6.27171563213002e-06
1.018,-6.99073546670544e-06
1.019,-7.7013556822217e-06
1.02,-8.54525472321942e-06
1.021,-9.65774235657582e-06
1.022,-1.11470897509692e-05
1.023,-1.31003099625939e-05
1.024,-1.56092259098107e-05
1.025,-1.87951708960017e-05
1.026,-2.28043270649373e-05
1.027,-2.77541180863627e-05
1.028,-3.36335189434484e-05
1.029,-4.01887217646521e-05
1.03,-4.68475643289038e-05
1.031,-5.27389482619178e-05
1.032,-5.6840651034315e-05
1.033,-5.82441777359267e-05
1.034,-5.6472877677904e-05
1.035,-5.17501010296847e-05
1.036,-4.51070255300385e-05
1.037,-3.82545989737416e-05
1.038,-3.32151334082991e-05
1.039,-3.17952250481436e-05
1.04,-3.50522089104367e-05
1.041,-4.29320024644176e-05
1.042,-5.422073520133e-05
1.043,-6.68609184042775e-05
1.044,-7.8561896091676e-05
1.045,-8.75249832292894e-05
1.046,-9.30473054000498e-05
1.047,-9.57907944454555e-05
1.048,-9.76032905607535e-05
1.049,-0.00010092757612263
1.05,-0.000107981348092236
1.051,-0.000119983092645607
1.052,-0.000136698196503377
1.053,-0.000156480322288213
1.054,-0.000176814786767378
1.055,-0.000195190367278884
1.056,-0.000209998567947735
1.057,-0.000221134348890405
1.058,-0.000230064433074158
1.059,-0.000239311236724104
1.06,-0.000251510575936932
1.061,-0.000268364515323922
1.062,-0.000289865478324542
1.063,-0.000314089208891326
1.064,-0.000337665013270148
1.065,-0.000356795734406181
1.066,-0.000368500353440507
1.067,-0.000371661891082494
1.068,-0.000367517999468916
1.069,-0.000359415418313577
1.07,-0.000351899323128341
1.071,-0.000349436248063648
1.072,-0.000355192923522174
1.073,-0.000370267840787447
1.074,-0.000393606345382892
1.075,-0.000422583833421488
1.076,-0.000454005471867463
1.077,-0.000485131959218542
1.078,-0.000514350645466781
1.079,-0.000541265758274055
1.08,-0.000566221602253012
1.081,-0.000589506014559042
1.082,-0.000610616715926464
1.083,-0.000627955065109961
1.084,-0.000639142718475296
1.085,-0.000641898116167075
1.086,-0.000635159940480136
1.087,-0.000620002865331047
1.088,-0.000599919215834274
1.089,-0.000580238786026448
1.09,-0.000566763689477442
1.091,-0.000563998343545442
1.092,-0.000573544197115867
1.093,-0.000593228502638608
1.094,-0.000617335451483489
1.095,-0.000637966752902424
1.096,-0.000647189310398431
1.097,-0.000639355213977297
1.098,-0.000612898332060936
1.099,-0.00057105287691294
1.1,-0.000521258089473036
1.101,-0.00047340585018782
1.102,-0.000437427403506662
1.103,-0.000420894640335552
1.104,-0.000427279695535401
1.105,-0.000455294422508332
1.106,-0.000499400222518167
1.107,-0.000551250589458933
1.108,-0.000601605717350681
1.109,-0.000642198774380028
1.11,-0.000667134702696085
1.111,-0.000673608279458357
1.112,-0.000661953649990688
1.113,-0.000635202892041349
1.114,-0.000598391036829571
1.115,-0.000557801774669956
1.116,-0.000520245513845149
1.117,-0.000492361961325484
1.118,-0.000479895462246474
1.119,-0.000486922943785401
1.12,-0.000515101453268838
1.121,-0.00056309537729491
1.122,-0.000626386716574186
1.123,-0.000697629496344922
1.124,-0.000767583331991228
1.125,-0.000826492084941382
1.126,-0.000865625316645111
1.127,-0.000878633427876068
1.128,-0.000862413102617921
1.129,-0.000817325203149426
1.13,-0.000746799549267079
1.131,-0.000656527549544333
1.132,-0.000553522185930055
1.133,-0.000445289736347396
1.134,-0.000339231410398523
1.135,-0.00024223784590849
1.136,-0.000160330601334379
1.137,-9.81979221572303e-05
1.138,-5.85764222316506e-05
1.139,-4.16012057627051e-05
1.14,-4.4401350146872e-05
1.141,-6.12682735792628e-05
1.142,-8.46190463834061e-05
1.143,-0.000106726185569471
1.144,-0.000121868395563324
1.145,-0.000128295051138235
1.146,-0.000129311314281606
1.147,-0.000132949581168328
1.148,-0.000150079197649777
1.149,-0.000191312147211526
1.15,-0.000263519773799378
1.151,-0.000367013589916425
1.152,-0.000494351539138748
1.153,-0.000631306771047462
1.154,-0.000759894095862655
1.155,-0.000862690895423023
1.156,-0.000927235805904887
1.157,-0.000949204451648666
1.158,-0.000933393228218809
1.159,-0.000892195747249962
1.16,-0.000842025034438809
1.161,-0.000798766028854345
1.162,-0.000773627087815957
1.163,-0.000770601400320785
1.164,-0.000786204982739583
1.165,-0.000811414752521217
1.166,-0.000835042047504623
1.167,-0.000847374746266556
1.168,-0.000842930971476714
1.169,-0.000821566848875124
1.17,-0.00078780945483371
1.171,-0.000748906252339334
1.172,-0.000712468277736332
1.173,-0.000684606449869758
1.174,-0.000669132463027525
1.175,-0.00066786763725584
1.176,-0.0006816007210049
1.177,-0.000710970957113654
1.178,-0.000756638344260359
1.179,-0.000818504683821436
1.18,-0.000894295667523006
1.181,-0.000978263717173742
1.182,-0.00106090729382525
1.183,-0.001130326318856
1.184,-0.00117521369653747
1.185,-0.00118874085570563
1.186,-0.00117202795206704
1.187,-0.00113575750514861
1.188,-0.00109891055901559
1.189,-0.00108448994150485
1.19,-0.00111316876999904
1.191,-0.0011966843023266
1.192,-0.00133313866752732
1.193,-0.00150598361572318
1.194,-0.00168741716475428
1.195,-0.00184551187822322
1.196,-0.00195308806537038
1.197,-0.00199560302106088
1.198,-0.00197545033932888
1.199,-0.00191107336960372
1.2,-0.00183091127113659
1.201,-0.00176390648768218
1.202,-0.00172953701101188
1.203,-0.00173065299038325
1.204,-0.00175163956703117
1.205,-0.0017627945897914
1.206,-0.00172980232726631
1.207,-0.00162545074066733
1.208,-0.0014398642466362
1.209,-0.00118582848508879
1.21,-0.000897213135988618
1.211,-0.000620627072737305
1.212,-0.000402600034316947
1.213,-0.000276081587949539
1.214,-0.000250385152278371
1.215,-0.000307749914541413
1.216,-0.000407726694990208
1.217,-0.000498222129842595
1.218,-0.000530000100142333
1.219,-0.000470378295279451
1.22,-0.000312102080019342
1.221,-7.484627974437e-05
1.222,0.000200976733972649
1.223,0.000466134302717284
1.224,0.000676600823458092
1.225,0.00080556622955943
1.226,0.000850041083389973
1.227,0.000830405916456589
1.228,0.000783404038441337
1.229,0.00075097146262772
1.23,0.000768368108846609
1.231,0.000855038976720784
1.232,0.00101057147250619
1.233,0.00121642210099796
1.234,0.00144233238984764
1.235,0.00165509042554461
1.236,0.00182687434885493
1.237,0.00194089211895993
1.238,0.00199316571158598
1.239,0.00199066028377672
1.24,0.00194705821455273
1.241,0.00187798188743211
1.242,0.00179727337820131
1.243,0.00171519760893993
1.244,0.00163848737343916
1.245,0.00157138362851104
1.246,0.00151653510729169
1.247,0.00147489660959575
1.248,0.00144446287157278
1.249,0.00141848036642432
1.25,0.0013843301522416
1.251,0.00132430231397016
1.252,0.00121892022362448
1.253,0.00105249075337177
1.254,0.000819507425482679
1.255,0.00052982883612355
1.256,0.000210514079321438
1.257,-9.70764853142196e-05
1.258,-0.000344978446677001
1.259,-0.000489645369326026
1.26,-0.000503576637156616
1.261,-0.000384315985383853
1.262,-0.000158026367098996
1.263,0.000123826805832476
1.264,0.000394299839063577
1.265,0.000585082753441134
1.266,0.000641417382879262
1.267,0.000534044221506128
1.268,0.000265174095887512
1.269,-0.000132900276157694
1.27,-0.000605953902331437
1.271,-0.00109037935435878
1.272,-0.00152674441679524
1.273,-0.00187093763407425
1.274,-0.00210041682843553
1.275,-0.00221463968945455
1.276,-0.0022304392617543
1.277,-0.00217439455163577
1.278,-0.0020747801749702
1.279,-0.00195536711171536
1.28,-0.0018323772730525
1.281,-0.00171465585467445
1.282,-0.00160606170886595
1.283,-0.00150853156033931
1.284,-0.00142437914815869
1.285,-0.00135702861498657
1.286,-0.0013102462914293
1.287,-0.00128665490344149
1.288,-0.00128659738210158
1.289,-0.00130816319875225
1.29,-0.00134852543683324
1.291,-0.00140596428513615
1.292,-0.0014814293927467
1.293,-0.00157848593507086
1.294,-0.00170105900213213
1.295,-0.00184935717265299
1.296,-0.00201535121173325
1.297,-0.00217978566425985
1.298,-0.00231259588347224
1.299,-0.00237771813616102
1.3,-0.0023418360921738
1.301,-0.00218506214833973
1.302,-0.00191045752158455
1.303,-0.00154910195783548
1.304,-0.00115831318505511
1.305,-0.000812411906748717
1.306,-0.000587629719135181
1.307,-0.000544686875077275
1.308,-0.000713585354388836
1.309,-0.00108488517822896
1.31,-0.00161016705018417
1.311,-0.00221194931808383
1.312,-0.00280072761545408
1.313,-0.00329481776057988
1.314,-0.00363790801189638
1.315,-0.00380989956481672
1.316,-0.00382852547936986
1.317,-0.00374180406037236
1.318,-0.00361383173410074
1.319,-0.00350803977060428
1.32,-0.00347239643522821
1.321,-0.00353010522027786
1.322,-0.0036775008637385
1.323,-0.00388870577887617
1.324,-0.00412484930124705
1.325,-0.0043447619551005
1.326,-0.00451420279785576
1.327,-0.00461167223928583
1.328,-0.00463025857415864
1.329,-0.00457623529786602
1.33,-0.00446585227451483
1.331,-0.00432178392960095
1.332,-0.00417013907855705
1.333,-0.00403814323750768
1.334,-0.00395198180200562
1.335,-0.00393413986244895
1.336,-0.00399996003086683
1.337,-0.00415387533200142
1.338,-0.00438649446534334
1.339,-0.00467403238893921
1.34,-0.00498124532462355
1.341,-0.00526806118893938
1.342,-0.00549878563321744
1.343,-0.00565158429721657
1.344,-0.00572537786388236
1.345,-0.00574164490803096
1.346,-0.00573990490708014
1.347,-0.00576751108917825
1.348,-0.00586624226768613
1.349,-0.00605941710132084
1.35,-0.00634340338021273
1.351,-0.0066863348149978
1.352,-0.00703484867132708
1.353,-0.00732730932406593
1.354,-0.00751000933655021
1.355,-0.00755186436454911
1.356,-0.00745345937887945
1.357,-0.00724786962083581
1.358,-0.00699299792424549
1.359,-0.00675754066400235
1.36,-0.00660441463564904
1.361,-0.00657606057938809
1.362,-0.00668536025349464
1.363,-0.00691422068508434
1.364,-0.00721973262513316
1.365,-0.00754584114551232
1.366,-0.00783721270867821
1.367,-0.00805172585024442
1.368,-0.00816871630629544
1.369,-0.00819146614514365
1.37,-0.00814399000313208
1.371,-0.00806350043177308
1.372,-0.00799072905754071
1.373,-0.00796044418068576
1.374,-0.00799413084868065
1.375,-0.00809609397752303
1.376,-0.0082534368730309
1.377,-0.00843962902639304
1.378,-0.008620794450099
1.379,-0.00876344240712294
1.38,-0.00884212112125368
1.381,-0.00884541843266569
1.382,-0.00877891300507506
1.383,-0.0086641549309129
1.384,-0.0085335360798198
1.385,-0.00842190495213579
1.386,-0.00835677095166079
1.387,-0.00834962587231657
1.388,-0.00839099086014708
1.389,-0.00845110800406918
1.39,-0.00848679723491568
1.391,-0.0084532106778597
1.392,-0.00831755383879273
1.393,-0.00807086913629112
1.394,-0.00773411026846976
1.395,-0.00735607927930741
1.396,-0.00700306148719574
1.397,-0.00674254285262973
1.398,-0.00662543071165549
1.399,-0.00667201270763868
1.4,-0.00686611008282787
1.401,-0.00715963466457947
1.402,-0.00748666172751822
1.403,-0.00778312516057911
1.404,-0.0080063010728214
1.405,-0.00814805580589808
1.406,-0.00823754574275281
1.407,-0.00833220891179616
1.408,-0.00849953165771182
1.409,-0.0087950575036533
1.41,-0.00924344922934923
1.411,-0.00982863529463007
1.412,-0.0104963554575553
1.413,-0.0111685854735911
1.414,-0.0117655661033383
1.415,-0.0122286876069538
1.416,-0.0125371005432069
1.417,-0.0127127932731697
1.418,-0.0128124350786857
1.419,-0.0129084241115128
1.42,-0.0130649975363002
1.421,-0.0133168717300752
1.422,-0.0136571633477578
1.423,-0.0140385099584819
1.424,-0.0143872397702093
1.425,-0.0146263987842727
1.426,-0.0147006833408434
1.427,-0.0145956946681363
1.428,-0.0143456127222189
1.429,-0.0140268483250045
1.43,-0.013739405315023
1.431,-0.0135812980539614
1.432,-0.0136233476627034
1.433,-0.0138914639765684
1.434,-0.0143612246084425
1.435,-0.0149659224427716
1.436,-0.0156153814182591
1.437,-0.0162198817208767
1.438,-0.0167123214820288
1.439,-0.017062557387566
1.44,-0.0172803875111558
1.441,-0.0174070573093213
1.442,-0.0174984513866873
1.443,-0.0176053372303086
1.444,-0.0177565721304422
1.445,-0.0179500022367642
1.446,-0.0181533081521963
1.447,-0.0183140688101451
1.448,-0.0183757107823977
1.449,-0.0182945095358649
1.45,-0.0180527777506288
1.451,-0.0176647338438329
1.452,-0.0171738155041479
1.453,-0.0166426769858121
1.454,-0.0161390577819957
1.455,-0.0157216030228815
1.456,-0.0154293621897686
1.457,-0.0152772811774583
1.458,-0.0152580267294285
1.459,-0.0153485788256007
1.46,-0.0155187784838525
1.461,-0.0157387784652608
1.462,-0.0159831334724471
1.463,-0.0162307748291449
1.464,-0.0164618051873455
1.465,-0.0166533310724033
1.466,-0.0167769730607506
1.467,-0.016800091684495
1.468,-0.0166913272417697
1.469,-0.0164292565517827
1.47,-0.0160114492073354
1.471,-0.0154605312921206
1.472,-0.0148243521982994
1.473,-0.0141689391517668
1.474,-0.0135651718334029
1.475,-0.0130723143503955
1.476,-0.0127229590931784
1.477,-0.0125140237897123
1.478,-0.0124070521886284
1.479,-0.0123385249189161
1.48,-0.0122379122476792
1.481,-0.0120487047656891
1.482,-0.0117464562771862
1.483,-0.0113484167920995
1.484,-0.0109115465793845
1.485,-0.0105189804936237
1.486,-0.0102583926149758
1.487,-0.0101981660456633
1.488,-0.0103680308160709
1.489,-0.0107496322238011
1.49,-0.0112796726199809
1.491,-0.0118646757113443
1.492,-0.0124031403326649
1.493,-0.0128088671752593
1.494,-0.0130291326735519
1.495,-0.0130531345112023
1.496,-0.0129091509272204
1.497,-0.0126521713278739
1.498,-0.0123463404122215
1.499,-0.0120476574785971
1.5,-0.0117917397773268
1.501,-0.0115895283684603
1.502,-0.0114306512367963
1.503,-0.0112923206895779
1.504,-0.0111502109851004
1.505,-0.0109872139945495
1.506,-0.0107977024251476
1.507,-0.010586778004904
1.508,-0.0103658824528165
1.509,-0.0101473002123718
1.51,-0.00994012470531967
1.511,-0.00974927227804421
1.512,-0.00957757361462879
1.513,-0.00942950813552562
1.514,-0.00931436570798046
1.515,-0.00924682554174939
1.516,-0.00924403935324144
1.517,-0.00931984574320802
1.518,-0.00947810161764883
1.519,-0.00970773983886463
1.52,-0.00998177932575392
1.521,-0.0102612418046
1.522,-0.0105032289832278
1.523,-0.010670913557224
1.524,-0.0107424548616824
1.525,-0.0107161416297344
1.526,-0.0106102830010523
1.527,-0.0104580674621691
1.528,-0.010299172648499
1.529,-0.0101707872553912
1.53,-0.0101006206173872
1.531,-0.0101035155991707
1.532,-0.0101818598078457
1.533,-0.0103286766190479
1.534,-0.0105315669617794
1.535,-0.0107757952611675
1.536,-0.0110456476676749
1.537,-0.0113243235938833
1.538,-0.0115935217776233
1.539,-0.0118341269918758
1.54,-0.0120288609908533
1.541,-0.0121666536548494
1.542,-0.012247310999453
1.543,-0.0122843692727292
1.544,-0.0123042222639625
1.545,-0.01234073355065
1.546,-0.0124262395810539
1.547,-0.0125814732749552
1.548,-0.0128078085721661
1.549,-0.0130848938798936
1.55,-0.0133751910592292
1.551,-0.0136346294462278
1.552,-0.0138263215263232
1.553,-0.0139329221650717
1.554,-0.0139633306637211
1.555,-0.0139511066586529
1.556,-0.0139446957202674
1.557,-0.0139924150427834
1.558,-0.0141271075811014
1.559,-0.0143556803985483
1.56,-0.0146572110407489
1.561,-0.0149904078197324
1.562,-0.0153079374154532
1.563,-0.015572653583809
1.564,-0.0157699960954027
1.565,-0.0159121086743495
1.566,-0.0160321431678826
1.567,-0.0161707574688817
1.568,-0.0163597011230351
1.569,-0.0166085405991685
1.57,-0.0168995337794429
1.571,-0.0171927431519709
1.572,-0.0174397034595
1.573,-0.0176007026698958
1.574,-0.0176592186664605
1.575,-0.0176278995246001
1.576,-0.0175434535438164
1.577,-0.0174519022358819
1.578,-0.0173893749354219
1.579,-0.0173655945522563
1.58,-0.0173566167242422
1.581,-0.0173103394331817
1.582,-0.0171637966998805
1.583,-0.0168668571103445
1.584,-0.0164042571477033
1.585,-0.0158079532317716
1.586,-0.015154676975287
1.587,-0.0145484200245253
1.588,-0.0140927353858138
1.589,-0.0138614339596991
1.59,-0.013877150000738
1.591,-0.0141049549567858
1.592,-0.0144634166671897
1.593,-0.0148498030797974
1.594,-0.0151714321126587
1.595,-0.015373075104335
1.596,-0.0154515665738297
1.597,-0.0154529670866768
1.598,-0.015453378095078
1.599,-0.0155298972602161
1.6,-0.0157314321097789
1.601,-0.0160590923915009
1.602,-0.0164626780691308
1.603,-0.0168544620078946
1.604,-0.0171358155538706
1.605,-0.017228104151276
1.606,-0.0170980072384699
1.607,-0.016769337805161
1.608,-0.0163178365831589
1.609,-0.0158507886008067
1.61,-0.0154778901399242
1.611,-0.0152821538086752
1.612,-0.0152991471514875
1.613,-0.0155098507675125
1.614,-0.0158480298659511
1.615,-0.0162187437359201
1.616,-0.0165218160801899
1.617,-0.0166734987143786
1.618,-0.0166211180048504
1.619,-0.016348417651346
1.62,-0.0158724427906917
1.621,-0.0152350540537459
1.622,-0.0144928741190541
1.623,-0.0137086558097921
1.624,-0.012945303754201
1.625,-0.0122619681738638
1.626,-0.0117105736149321
1.627,-0.0113312637475629
1.628,-0.0111464043060345
1.629,-0.0111543872925426
1.63,-0.0113257130634704
1.631,-0.0116040255709842
1.632,-0.0119136994200941
1.633,-0.0121735260318836
1.634,-0.0123137581308193
1.635,-0.0122921416052982
1.636,-0.0121042928390314
1.637,-0.0117850926791424
1.638,-0.0114003072993871
1.639,-0.0110305842645098
1.64,-0.0107523062679359
1.641,-0.0106207009961462
1.642,-0.0106597771403413
1.643,-0.0108613684738868
1.644,-0.0111926159448379
1.645,-0.011608622624987
1.646,-0.0120656568510217
1.647,-0.0125305788394053
1.648,-0.0129839495740885
1.649,-0.0134168467918622
1.65,-0.0138237993489669
1.651,-0.0141955898317314
1.652,-0.0145155058139016
1.653,-0.0147610503322892
1.654,-0.014910776543378
1.655,-0.014953692418
1.656,-0.0148974320308182
1.657,-0.0147715856923435
1.658,-0.0146241598375026
1.659,-0.0145115299832667
1.66,-0.0144845937421328
1.661,-0.0145752862933654
1.662,-0.01478767229872
1.663,-0.0150964616647669
1.664,-0.0154534916114234
1.665,-0.0158002650660666
1.666,-0.0160828503018699
1.667,-0.0162648839977599
1.668,-0.0163351960357115
1.669,-0.0163083530067248
1.67,-0.0162185557001758
1.671,-0.0161091192935818
1.672,-0.0160206955672316
1.673,-0.0159812933003795
1.674,-0.0160002122321972
1.675,-0.0160666740969985
1.676,-0.0161527101611927
1.677,-0.016219104148531
1.678,-0.0162229893368181
1.679,-0.0161259018124569
1.68,-0.0159014016926879
1.681,-0.0155415221135397
1.682,-0.0150611954861647
1.683,-0.0144995676525133
1.684,-0.0139170373098557
1.685,-0.0133872563492005
1.686,-0.012984336706899
1.687,-0.0127669839542218
1.688,-0.0127627796858954
1.689,-0.0129567663780988
1.69,-0.0132883167197432
1.691,-0.0136587612122939
1.692,-0.0139496207490641
1.693,-0.0140482098552243
1.694,-0.0138747786606074
1.695,-0.0134041593323729
1.696,-0.0126756393550143
1.697,-0.011787483438851
1.698,-0.0108765208894125
1.699,-0.0100873896519154
1.7,-0.00953912801208053
1.701,-0.00929783621986457
1.702,-0.00936269151205633
1.703,-0.00966903437631356
1.704,-0.0101075556729847
1.705,-0.0105541699617761
1.706,-0.0109022689873529
1.707,-0.011088555990084
1.708,-0.0111056870069798
1.709,-0.010998853789024
1.71,-0.0108480474523219
1.711,-0.0107416784115348
1.712,-0.010749375574396
1.713,-0.010901600737554
1.714,-0.011181364764455
1.715,-0.0115296245039791
1.716,-0.0118620327527221
1.717,-0.0120917507968109
1.718,-0.0121517964173816
1.719,-0.0120111004995102
1.72,-0.0116807024348176
1.721,-0.0112095220207084
1.722,-0.0106719543635093
1.723,-0.0101513557575508
1.724,-0.00972392030360297
1.725,-0.00944655627964414
1.726,-0.00935062139248011
1.727,-0.00944143495699926
1.728,-0.00970198775763277
1.729,-0.0100986168730029
1.73,-0.0105866640565522
1.731,-0.0111150330339057
1.732,-0.0116296479570249
1.733,-0.0120766203076998
1.734,-0.0124061365647601
1.735,-0.0125776245078519
1.736,-0.0125658504447034
1.737,-0.0123666344084445
1.738,-0.0120002745079948
1.739,-0.0115108553349306
1.74,-0.0109604544026435
1.741,-0.0104186584398281
1.742,-0.00994934092611034
1.743,-0.00959782222857953
1.744,-0.00938189130901355
1.745,-0.00928948937907266
1.746,-0.00928422755794034
1.747,-0.00931773070233625
1.748,-0.00934568295490454
1.749,-0.00934305847303408
1.75,-0.00931386049180019
1.751,-0.00929194344077857
1.752,-0.00933191880258491
1.753,-0.00949211933522218
1.754,-0.00981425488255663
1.755,-0.0103058788334722
1.756,-0.010931514147403
1.757,-0.0116161655790066
1.758,-0.0122614446505222
1.759,-0.0127706130668883
1.76,-0.0130756971655088
1.761,-0.0131585077966898
1.762,-0.013058510309484
1.763,-0.0128639106355824
1.764,-0.0126871944560735
1.765,-0.0126312757350725
1.766,-0.0127558355865036
1.767,-0.0130541598653998
1.768,-0.013448366976881
1.769,-0.0138058710819385
1.77,-0.0139736384179543
1.771,-0.0138211481899156
1.772,-0.0132797722977523
1.773,-0.0123666881719493
1.774,-0.0111855138820944
1.775,-0.00990252263457533
1.776,-0.00870459597910276
1.777,-0.00775075931345148
1.778,-0.00713137358677184
1.779,-0.00684702198667038
1.78,-0.00681334472942884
1.781,-0.00689026180423312
1.782,-0.00692659680255302
1.783,-0.00680642010330443
1.784,-0.00648298270789841
1.785,-0.00599009050087964
1.786,-0.00542792979358387
1.787,-0.0049284186846472
1.788,-0.0046115395251743
1.789,-0.00454675784904241
1.79,-0.0047317180764494
1.791,-0.00509458467712957
1.792,-0.00551860626296036
1.793,-0.00588029302214784
1.794,-0.00608836938573059
1.795,-0.00611074549328816
1.796,-0.00598104612857562
1.797,-0.00578324243616348
1.798,-0.00562026044024779
1.799,-0.0055776290119398
1.8,-0.00569457704785565
1.801,-0.00595212161449815
1.802,-0.00628166806054787
1.803,-0.00659058366735076
1.804,-0.00679553391682312
1.805,-0.00685198511188091
1.806,-0.00676991043082019
1.807,-0.00661072248663316
1.808,-0.00646698981413399
1.809,-0.0064322850747861
1.81,-0.00657158650278192
1.811,-0.00690203805044584
1.812,-0.00738990929883284
1.813,-0.00796378556438741
1.814,-0.0085384643232609
1.815,-0.00904067918836489
1.816,-0.00942771521550548
1.817,-0.00969310415281506
1.818,-0.00985864224327965
1.819,-0.00995704789810574
1.82,-0.010012816654082
1.821,-0.0100291077249516
1.822,-0.00998580320596905
1.823,-0.0098493094524597
1.824,-0.00958998562525309
1.825,-0.00920005972988628
1.826,-0.00870464973518081
1.827,-0.00816110937607504
1.828,-0.00764635792774523
1.829,-0.0072364403968566
1.83,-0.00698556343071993
1.831,-0.00691213117159454
1.832,-0.00699675751368874
1.833,-0.00719281144010032
1.834,-0.00744541704462217
1.835,-0.00771171781880539
1.836,-0.00797479580209704
1.837,-0.0082460742217161
1.838,-0.0085554224580457
1.839,-0.00893288632136244
1.84,-0.0093892220930735
1.841,-0.00990298914384958
1.842,-0.0104196153041195
1.843,-0.0108634390638702
1.844,-0.0111588763171895
1.845,-0.0112533571320192
1.846,-0.0111338412965769
1.847,-0.010830884993633
1.848,-0.010408624956314
1.849,-0.00994407552555412
1.85,-0.00950296200750422
1.851,-0.00912053844316726
1.852,-0.00879400753838499
1.853,-0.00848894114991771
1.854,-0.00815703203097126
1.855,-0.00775844174202763
1.856,-0.00728042665727794
1.857,-0.00674539230151117
1.858,-0.00620549409358565
1.859,-0.0057259019675894
1.86,-0.00536303357089815
1.861,-0.00514589455333295
1.862,-0.00506747270557014
1.863,-0.00508935920918477
1.864,-0.00515781151533954
1.865,-0.00522516413136425
1.866,-0.00526843599998037
1.867,-0.00529795193004696
1.868,-0.00535245507235546
1.869,-0.005482210693599
1.87,-0.0057261527451397
1.871,-0.00609152852190909
1.872,-0.00654384910125212
1.873,-0.00701145258676871
1.874,-0.00740386487654102
1.875,-0.00763822004700238
1.876,-0.00766503534414118
1.877,-0.00748468483463256
1.878,-0.0071489693259831
1.879,-0.00674716392792443
1.88,-0.00638109144830223
1.881,-0.00613732591849593
1.882,-0.00606537102346362
1.883,-0.00616838410595002
1.884,-0.0064085872957125
1.885,-0.00672451658057156
1.886,-0.00705345537462053
1.887,-0.0073510625808274
1.888,-0.0076017097938033
1.889,-0.00781674725665949
1.89,-0.00802242579929427
1.891,-0.00824287810511488
1.892,-0.00848512625119849
1.893,-0.00873205114014137
1.894,-0.00894609525159413
1.895,-0.00908238256965697
1.896,-0.0091064272529138
1.897,-0.00900990740105284
1.898,-0.0088186526664534
1.899,-0.0085897233720604
1.9,-0.00839821668537059
1.901,-0.00831787424360878
1.902,-0.00840151049767967
1.903,-0.0086671386710959
1.904,-0.00909360953174219
1.905,-0.00962642255388001
1.906,-0.0101912674381515
1.907,-0.0107108451601241
1.908,-0.0111201668510953
1.909,-0.0113767607135364
1.91,-0.0114643981380519
1.911,-0.0113911725853049
1.912,-0.0111842144899057
1.913,-0.0108835863756955
1.914,-0.0105370838332007
1.915,-0.0101963143360761
1.916,-0.00991325542774424
1.917,-0.00973607997743758
1.918,-0.00970356262310037
1.919,-0.00983857034109483
1.92,-0.0101423799414718
1.921,-0.0105921838537222
1.922,-0.0111437127414639
1.923,-0.0117394384329398
1.924,-0.0123208141064536
1.925,-0.0128412459346025
1.926,-0.0132757412853011
1.927,-0.0136238759323382
1.928,-0.0139047592149134
1.929,-0.0141454059821562
1.93,-0.0143663784712373
1.931,-0.0145698012473608
1.932,-0.0147343301260404
1.933,-0.0148194441461225
1.934,-0.0147782270228359
1.935,-0.0145747082516574
1.936,-0.0141999552089433
1.937,-0.0136811682367839
1.938,-0.0130800903611319
1.939,-0.0124804581053298
1.94,-0.0119678535847112
1.941,-0.0116079329085297
1.942,-0.0114296948579877
1.943,-0.0114189601925924
1.944,-0.0115240419859286
1.945,-0.0116717627411292
1.946,-0.0117887842546124
1.947,-0.0118217021269064
1.948,-0.0117499787958924
1.949,-0.0115882817967357
1.95,-0.0113782753445134
1.951,-0.01117320204893
1.952,-0.0110206186669963
1.953,-0.0109488168630527
1.954,-0.0109608213846644
1.955,-0.0110370708222547
1.956,-0.0111449541943868
1.957,-0.011251288894997
1.958,-0.0113332188007258
1.959,-0.0113839746673466
1.96,-0.0114120203491599
1.961,-0.0114345089299581
1.962,-0.0114678483191738
1.963,-0.0115189322531689
1.964,-0.0115800716996357
1.965,-0.0116291586760157
1.966,-0.0116347150260013
1.967,-0.0115638984597714
1.968,-0.011390760175446
1.969,-0.0111022449671614
1.97,-0.010700413431644
1.971,-0.0102007148767657
1.972,-0.00962735063685243
1.973,-0.00900746111172733
1.974,-0.0083659029583405
1.975,-0.00772186399317968
1.976,-0.00708777180919375
1.977,-0.00647020533109775
1.978,-0.00587204689836844
1.979,-0.00529499056773544
1.98,-0.00474167668150163
1.981,-0.00421700085917927
1.982,-0.00372840617282592
1.983,-0.00328514632726705
1.984,-0.0028966305510667
1.985,-0.00257009982443729
1.986,-0.00230808785398794
1.987,-0.00210635757387278
1.988,-0.00195315518160282
1.989,-0.00183053144905368
1.99,-0.00171803919026933
1.991,-0.00159835912996966
1.992,-0.00146353887807957
1.993,-0.0013198823908075
1.994,-0.00118943791107285
1.995,-0.00110669416660625
1.996,-0.0011104373742231
1.997,-0.00123238390539643
1.998,-0.00148562345010032
1.999,-0.00185651273907083
2,-0.0023030919033688
2.001,-0.00276138213611214
2.002,-0.0031585220529111
2.003,-0.00342938017541835
2.004,-0.00353187075541608
2.005,-0.00345628489658286
2.006,-0.00322562915845505
2.007,-0.00288677352256337
2.008,-0.00249524003523911
2.009,-0.00209865747330379
2.01,-0.00172444076890926
2.011,-0.00137584877633257
2.012,-0.00103763671439482
2.013,-0.000689034741973538
2.014,-0.000318988623517692
2.015,6.24554019078458e-05
2.016,0.000421578006514342
2.017,0.000709114438434071
2.018,0.000877013175852823
2.019,0.000898303712906878
2.02,0.000782886171722441
2.021,0.000582879855892747
2.022,0.000384326380759278
2.023,0.000286540616004984
2.024,0.00037472660302596
2.025,0.000694113564392033
2.026,0.00123384191975649
2.027,0.001926058523239
2.028,0.00266102815752191
2.029,0.00331406292342869
2.03,0.00377638345970125
2.031,0.00398089026873969
2.032,0.00391560618323143
2.033,0.00362162187380324
2.034,0.00317733013480684
2.035,0.00267488631735858
2.036,0.0021968080832297
2.037,0.00179984254776984
2.038,0.00151007838910448
2.039,0.00132898060208993
2.04,0.00124616060433197
2.041,0.00125263891287516
2.042,0.00134878309052342
2.043,0.00154374882761055
2.044,0.00184703794941224
2.045,0.00225623147100603
2.046,0.00274673075029234
2.047,0.0032687664376299
2.048,0.00375423166401786
2.049,0.00413209033188644
2.05,0.00434765077591019
2.051,0.00437920222822827
2.052,0.00424608920386662
2.053,0.00400506743519486
2.054,0.00373574965278417
2.055,0.00351967135747564
2.056,0.00341963694037605
2.057,0.00346578480795653
2.058,0.00365234175540177
2.059,0.00394524616800794
2.06,0.00429710064619027
2.061,0.00466361012651516
2.062,0.0050155674006586
2.063,0.00534252706961464
2.064,0.00564771980491842
2.065,0.00593718381863326
2.066,0.00620823839826095
2.067,0.00644251491966056
2.068,0.00660680941522336
2.069,0.0066618188120292
2.07,0.0065756237807671
2.071,0.00633681580449911
2.072,0.00596217427703138
2.073,0.0054957546800901
2.074,0.00499938062980813
2.075,0.00453763343260565
2.076,0.00416232943756257
2.077,0.00390148000580478
2.078,0.00375589609959576
2.079,0.00370369193522371
2.08,0.0037101194712424
2.081,0.0037385212730859
2.082,0.00375831871693979
2.083,0.00374772177723153
2.084,0.00369145539841825
2.085,0.00357610986229666
2.086,0.00338673588956907
2.087,0.00310756814742291
2.088,0.00272757161410373
2.089,0.00224880489240704
2.09,0.00169359117199398
2.091,0.00110615674766775
2.092,0.000546057592665318
2.093,7.38546105948104e-05
2.094,-0.000267066599938476
2.095,-0.000466320810830262
2.096,-0.000553672754372731
2.097,-0.000593576996336313
2.098,-0.000667375942221534
2.099,-0.000847988748543031
2.1,-0.00117513753239183
2.101,-0.00163969031630214
2.102,-0.00218314417665888
2.103,-0.00271335352552639
2.104,-0.00313198231918727
2.105,-0.00336483973256604
2.106,-0.00338488702809067
2.107,-0.00321991690329056
2.108,-0.00294205766478948
2.109,-0.00264259257206255
2.11,-0.0024008561638936
2.111,-0.00225822750251244
2.112,-0.00220657133326445
2.113,-0.00219537295610322
2.114,-0.00215503338765819
2.115,-0.00202776697084474
2.116,-0.00179450060956464
2.117,-0.00148731570892911
2.118,-0.00118201045528981
2.119,-0.000972569834446274
2.12,-0.000936148071491171
2.121,-0.00110109365876693
2.122,-0.00143005797710261
2.123,-0.00182535643476131
2.124,-0.00215611058574818
2.125,-0.00229894437677886
2.126,-0.00217889942690165
2.127,-0.00179665505089604
2.128,-0.00123240033690145
2.129,-0.000624410742598339
2.13,-0.000128895027229788
2.131,0.000125954299448828
2.132,7.67824013760411e-05
2.133,-0.000259063377916063
2.134,-0.000793338467790159
2.135,-0.0013984249047248
2.136,-0.00194942169417762
2.137,-0.00236238932728883
2.138,-0.00261609721633434
2.139,-0.00275071131425323
2.14,-0.00284506872056606
2.141,-0.00298159533097253
2.142,-0.00321194103210437
2.143,-0.00353569209943827
2.144,-0.00389943828692406
2.145,-0.00421593910227821
2.146,-0.00439590393035976
2.147,-0.00438056072860784
2.148,-0.00416322782006863
2.149,-0.00379239737869512
2.15,-0.00335572268097664
2.151,-0.002951204857203
2.152,-0.00265628012815501
2.153,-0.00250586878869594
2.154,-0.00248673807532071
2.155,-0.0025492314588729
2.156,-0.00263093523457953
2.157,-0.00268261703412222
2.158,-0.00268632089476963
2.159,-0.00265892940682783
2.16,-0.00264042761131687
2.161,-0.00267221530782486
2.162,-0.00277475253518586
2.163,-0.00293407075351589
2.164,-0.00310314342461249
2.165,-0.0032181457166537
2.166,-0.00322354888957579
2.167,-0.00309616538243562
2.168,-0.00285822506443374
2.169,-0.00257342885475243
2.17,-0.00232630717853704
2.171,-0.00219173035948916
2.172,-0.00220558923116067
2.173,-0.00234782587210993
2.174,-0.00254495113883077
2.175,-0.00269231074771689
2.176,-0.00268911718236758
2.177,-0.00247431092332412
2.178,-0.00205053205047568
2.179,-0.00148726814987497
2.18,-0.000901337951753146
2.181,-0.00042079158596583
2.182,-0.000144238248917597
2.183,-0.00010940716992826
2.184,-0.00028171996201909
2.185,-0.000566827597175614
2.186,-0.000842825792533563
2.187,-0.001001101375278
2.188,-0.00098185193113359
2.189,-0.000792270431068754
2.19,-0.000501485939590818
2.191,-0.000214433685979161
2.192,-3.40468543790511e-05
2.193,-2.50084607723822e-05
2.194,-0.000191485327108717
2.195,-0.000476158358205733
2.196,-0.000780337650540732
2.197,-0.000997693423779127
2.198,-0.0010496751484996
2.199,-0.000910513244532084
2.2,-0.000613731958206332
2.201,-0.000238793912075753
2.202,0.000116600480380297
2.203,0.000368362607950687
2.204,0.000470937078589601
2.205,0.000427280514900973
2.206,0.0002816238670702
2.207,9.89842403381382e-05
2.208,-6.0139251950932e-05
2.209,-0.000160288478778666
2.21,-0.000199599870735112
2.211,-0.000204126520685878
2.212,-0.000211172240470662
2.213,-0.000248892004546417
2.214,-0.000320494385671054
2.215,-0.000399248645313297
2.216,-0.00043608594489709
2.217,-0.000376651514769049
2.218,-0.000181109605696312
2.219,0.000160863840818564
2.22,0.000625401891991893
2.221,0.00116147501992004
2.222,0.00170652093417419
2.223,0.00220443191463449
2.224,0.00261906418002637
2.225,0.00293855050443371
2.226,0.00316961772979936
2.227,0.0033252335140388
2.228,0.00341157014324877
2.229,0.00342041184578001
2.23,0.00333069548772478
2.231,0.00311884872352966
2.232,0.00277361052260996
2.233,0.00230872832347792
2.234,0.00176731925315534
2.235,0.00121470214349785
2.236,0.000721041605339289
2.237,0.000339443168637743
2.238,8.74766842977356e-05
2.239,-6.05359877533612e-05
2.24,-0.000166653124449875
2.241,-0.000309232488412303
2.242,-0.00055595336439126
2.243,-0.000939093743948965
2.244,-0.00144180029529912
2.245,-0.00200046777927332
2.246,-0.00252276224965719
2.247,-0.00291528409955956
2.248,-0.00311140552367341
2.249,-0.00308973469610762
2.25,-0.00287702980151278
2.251,-0.00253500747214408
2.252,-0.0021363109637628
2.253,-0.00173877466164032
2.254,-0.00136759550688576
2.255,-0.0010119013302209
2.256,-0.000636634894227259
2.257,-0.000204727791303772
2.258,0.000299532648319135
2.259,0.000855659663709982
2.26,0.00140722572405673
2.261,0.00187801711148145
2.262,0.00219857995690206
2.263,0.002333230610347
2.264,0.00229680847134696
2.265,0.00215372797994257
2.266,0.0019981734002103
2.267,0.00192135010021191
2.268,0.00197696082162707
2.269,0.00215748821010303
2.27,0.00239074134325207
2.271,0.00255939743224153
2.272,0.00253821322134204
2.273,0.00223702696063793
2.274,0.00163501399563901
2.275,0.000793982911972267
2.276,-0.000154836491999583
2.277,-0.00104724195846418
2.278,-0.00173449175192978
2.279,-0.0021281013862228
2.28,-0.00222621093703057
2.281,-0.00211257433636862
2.282,-0.00192818191431886
2.283,-0.00182461097720474
2.284,-0.00191434054136839
2.285,-0.00223437269586768
2.286,-0.0027351723562983
2.287,-0.00329859880587318
2.288,-0.00377893373867061
2.289,-0.00405349644455379
2.29,-0.00406619612646056
2.291,-0.00384971631136848
2.292,-0.00351903813560521
2.293,-0.00323833356983195
2.294,-0.00317181254574735
2.295,-0.0034341125346257
2.296,-0.00405571884888137
2.297,-0.00497384897140805
2.298,-0.00605098816077031
2.299,-0.00711457724566527
2.3,-0.00800503075334062
2.301,-0.00861724053556018
2.302,-0.0089234645833532
2.303,-0.00897191888640228
2.304,-0.00886325187468824
2.305,-0.00871380024464579
2.306,-0.00861802055920249
2.307,-0.00862183773708789
2.308,-0.00871431739653225
2.309,-0.00883868156547295
2.31,-0.00891743320463282
2.311,-0.00888223306530211
2.312,-0.0086983559138988
2.313,-0.00837606556888787
2.314,-0.00796603789980378
2.315,-0.00754132214901803
2.316,-0.00717250626348441
2.317,-0.00690450386490303
2.318,-0.00674234616718011
2.319,-0.00665009306391295
2.32,-0.00656267953578238
2.321,-0.00640660028893611
2.322,-0.00612296143237241
2.323,-0.00568615428856627
2.324,-0.00511309588098033
2.325,-0.00446092740603684
2.326,-0.00381428421318975
2.327,-0.00326582791247521
2.328,-0.00289506876904333
2.329,-0.0027504531201317
2.33,-0.00283849380278436
2.331,-0.00312186867288513
2.332,-0.00352643313264562
2.333,-0.00395540277956688
2.334,-0.00430779237202482
2.335,-0.00449761079420634
2.336,-0.00447027698361891
2.337,-0.0042131860459884
2.338,-0.00375827746399949
2.339,-0.00317578899755196
2.34,-0.00256000586983094
2.341,-0.00200950482466936
2.342,-0.00160579891018234
2.343,-0.00139501429804736
2.344,-0.00137695395976594
2.345,-0.0015045180534799
2.346,-0.00169415861503345
2.347,-0.00184535419470544
2.348,-0.00186469973399333
2.349,-0.00168881460574162
2.35,-0.00130034604037488
2.351,-0.000732957331612816
2.352,-6.3961190804912e-05
2.353,0.000603550178674552
2.354,0.00116450183944161
2.355,0.00153549263999961
2.356,0.00167240228751564
2.357,0.00157778054069993
2.358,0.00129665252815489
2.359,0.000902426603200413
2.36,0.00047704194750942
2.361,9.07042307539824e-05
2.362,-0.000213719973845102
2.363,-0.000428158907566811
2.364,-0.000577498175332689
2.365,-0.000709727710532861
2.366,-0.000881203973427462
2.367,-0.00114103271530829
2.368,-0.00151837667486838
2.369,-0.00201541317093532
2.37,-0.00260709607386692
2.371,-0.003247252898979
2.372,-0.00387923422660308
2.373,-0.00444854549263263
2.374,-0.00491468934164666
2.375,-0.00525977012304917
2.376,-0.00549213807447363
2.377,-0.00564433869549971
2.378,-0.00576574108790582
2.379,-0.00591129726988009
2.38,-0.00612876076159888
2.381,-0.00644717862261944
2.382,-0.00686939793695863
2.383,-0.00737060921005513
2.384,-0.00790364604911554
2.385,-0.00841011392308429
2.386,-0.00883482615829553
2.387,-0.00913994000282383
2.388,-0.00931499063463975
2.389,-0.0093798810473844
2.39,-0.00937966025147528
2.391,-0.00937216925488157
2.392,-0.00941171901454364
2.393,-0.00953324641631462
2.394,-0.00974143513955179
2.395,-0.0100080100973278
2.396,-0.010278148183541
2.397,-0.0104843495202431
2.398,-0.0105639639691905
2.399,-0.0104755273464605
2.4,-0.0102094527038048
2.401,-0.00979031900803587
2.402,-0.00927046707553492
2.403,-0.00871707862971752
2.404,-0.00819662295921244
2.405,-0.00776101336004376
2.406,-0.00743894685673966
2.407,-0.0072340605422636
2.408,-0.00712937814858009
2.409,-0.00709575908590284
2.41,-0.00710123679820699
2.411,-0.00711842590834694
2.412,-0.00712837038286672
2.413,-0.00712077895329969
2.414,-0.0070919323139098
2.415,-0.00704216498983266
2.416,-0.00697454593437037
2.417,-0.00689539017556456
2.418,-0.00681599259057558
2.419,-0.00675403982865278
2.42,-0.00673295554516333
2.421,-0.00677809757230995
2.422,-0.00691002919858093
2.423,-0.00713653069681276
2.424,-0.00744601229924056
2.425,-0.0078050812834005
2.426,-0.0081620636440298
2.427,-0.00845652791766205
2.428,-0.0086328606922645
2.429,-0.00865438232034781
2.43,-0.00851393897603978
2.431,-0.00823761995137307
2.432,-0.00788006869831743
2.433,-0.00751225066858795
2.434,-0.00720477369685393
2.435,-0.00701122518191118
2.436,-0.00695605576711551
2.437,-0.00703026841548837
2.438,-0.0071959465986658
2.439,-0.00739814844443073
2.44,-0.00758065404125001
2.441,-0.00770107274258647
2.442,-0.00774115480828127
2.443,-0.0077096655461226
2.444,-0.00763738784984151
2.445,-0.00756605712788037
2.446,-0.00753466158520661
2.447,-0.00756713023451091
2.448,-0.00766487019602438
2.449,-0.00780612234720022
2.45,-0.00795214250088172
2.451,-0.00805834347966105
2.452,-0.00808724857785276
2.453,-0.00801971612107171
2.454,-0.00786145162156745
2.455,-0.00764313609109809
2.456,-0.00741419656107339
2.457,-0.00723188400432163
2.458,-0.00714849723180626
2.459,-0.00720001996066246
2.46,-0.00739902908385705
2.461,-0.00773359378057988
2.462,-0.00817230148749683
2.463,-0.00867391488860516
2.464,-0.00919890529323445
2.465,-0.00971956769156611
2.466,-0.0102257796371291
2.467,-0.0107246699438701
2.468,-0.0112342267909665
2.469,-0.0117727283388954
2.47,-0.0123472841112962
2.471,-0.012945275972818
2.472,-0.0135318558815735
2.473,-0.0140549903333576
2.474,-0.0144572656690798
2.475,-0.0146914433958315
2.476,-0.014735286432529
2.477,-0.0146009966750646
2.478,-0.0143358781883502
2.479,-0.0140132821483169
2.48,-0.0137158117708097
2.481,-0.0135152695911181
2.482,-0.0134550844783533
2.483,-0.0135404770095379
2.484,-0.0137394571474269
2.485,-0.0139944998946583
2.486,-0.0142414069451183
2.487,-0.0144295158013287
2.488,-0.0145368743455813
2.489,-0.0145755153876318
2.49,-0.0145851277957731
2.491,-0.0146172462389904
2.492,-0.0147153214841219
2.493,-0.0148975790449742
2.494,-0.0151488372770331
2.495,-0.0154245904368059
2.496,-0.015666545047153
2.497,-0.0158247660030571
2.498,-0.0158790081935966
2.499,-0.0158516169884733
2.5,-0.0158067528915452
2.501,-0.0158349585049163
2.502,-0.0160269092776121
2.503,-0.0164440049117098
2.504,-0.017094970924928
2.505,-0.0179262644022151
2.506,-0.0188301515857382
2.507,-0.0196690213044597
2.508,-0.0203094647477253
2.509,-0.0206564854153975
2.51,-0.0206779332210504
2.511,-0.0204120091640389
2.512,-0.0199556350961575
2.513,-0.0194371077975044
2.514,-0.0189810290308535
2.515,-0.0186756334093033
2.516,-0.018551708410531
2.517,-0.018578658250214
2.518,-0.018678080677471
2.519,-0.0187501223651353
2.52,-0.0187043973279512
2.521,-0.018486378482481
2.522,-0.0180920431512607
2.523,-0.0175674520278688
2.524,-0.0169945604834372
2.525,-0.0164684450376975
2.526,-0.0160731399398492
2.527,-0.0158629443631903
2.528,-0.015853677173408
2.529,-0.016024848106362
2.53,-0.0163302932855768
2.531,-0.0167125761055235
2.532,-0.0171159982190186
2.533,-0.0174943778676594
2.534,-0.0178122272070695
2.535,-0.0180406481853207
2.536,-0.0181512185921056
2.537,-0.0181117239435372
2.538,-0.017886682997579
2.539,-0.0174436081180801
2.54,-0.0167635827899575
2.541,-0.0158528565859399
2.542,-0.014751385536074
2.543,-0.0135348238529837
2.544,-0.0123081961770637
2.545,-0.0111917910423264
2.546,-0.0103020062895568
2.547,-0.00973131271945441
2.548,-0.00953181168069226
2.549,-0.00970602042241579
2.55,-0.0102068185914593
2.551,-0.0109464214339955
2.552,-0.0118123397587211
2.553,-0.0126869661201863
2.554,-0.0134669166712536
2.555,-0.0140785690282144
2.556,-0.0144872051790384
2.557,-0.0146985325210239
2.558,-0.0147528286493476
2.559,-0.014713278882358
2.56,-0.0146510479550025
2.561,-0.0146301108644686
2.562,-0.0146947916303806
2.563,-0.0148623279520839
2.564,-0.0151216898952971
2.565,-0.0154385254122728
2.566,-0.0157647618134385
2.567,-0.0160503732637154
2.568,-0.0162544014855942
2.569,-0.0163526330729708
2.57,-0.0163403411251445
2.571,-0.0162299332084031
2.572,-0.0160448023958186
2.573,-0.0158117086987301
2.574,-0.0155542889628705
2.575,-0.0152897005924662
2.576,-0.0150291309123447
2.577,-0.0147813766969358
2.578,-0.0145574564032427
2.579,-0.0143737281325126
2.58,-0.0142514721425383
2.581,-0.0142122386787988
2.582,-0.0142700175582258
2.583,-0.0144228267471207
2.584,-0.0146470428599587
2.585,-0.0148973547639227
2.586,-0.0151136538613431
2.587,-0.0152339313095617
2.588,-0.0152100620850006
2.589,-0.0150219879757554
2.59,-0.0146858096794183
2.591,-0.0142527754231184
2.592,-0.0137987272061954
2.593,-0.0134064596309141
2.594,-0.0131457334315174
2.595,-0.0130565942915584
2.596,-0.0131408259831362
2.597,-0.0133640176523722
2.598,-0.0136675553259576
2.599,-0.0139868494286844
2.6,-0.0142702396702792
2.601,-0.014492881698208
2.602,-0.0146615676200659
2.603,-0.0148093394486041
2.604,-0.0149819872383969
2.605,-0.0152210449881494
2.606,-0.0155489054546503
2.607,-0.0159608642029494
2.608,-0.0164265599989486
2.609,-0.0169001819548187
2.61,-0.0173359744285902
2.611,-0.017703898109021
2.612,-0.0180003142364496
2.613,-0.0182502089841444
2.614,-0.0185001999711504
2.615,-0.0188044713017475
2.616,-0.0192079432545586
2.617,-0.0197317441186036
2.618,-0.0203652314832567
2.619,-0.0210667341482043
2.62,-0.0217725590353643
2.621,-0.0224114686069548
2.622,-0.0229204785054628
2.623,-0.023257790579264
2.624,-0.0234098607784178
2.625,-0.0233915282987669
2.626,-0.0232401363413711
2.627,-0.0230060342965297
2.628,-0.0227423876105089
2.629,-0.0224968004736267
2.63,-0.0223061623535113
2.631,-0.0221948343698514
2.632,-0.0221752709739209
2.633,-0.0222497372175706
2.634,-0.0224119849408521
2.635,-0.022648395778448
2.636,-0.0229388379924734
2.637,-0.0232579675643056
2.638,-0.0235777156234684
2.639,-0.0238712395925889
2.64,-0.0241178737044049
2.641,-0.0243079139315875
2.642,-0.024445722971088
2.643,-0.0245498252546035
2.644,-0.0246493663184067
2.645,-0.0247773304299873
2.646,-0.0249619226981843
2.647,-0.0252181993332663
2.648,-0.0255421490574455
2.649,-0.0259089402693876
2.65,-0.0262760844302053
2.651,-0.0265910892704118
2.652,-0.0268020932035543
2.653,-0.0268692463553523
2.654,-0.0267743854097317
2.655,-0.0265268582711628
2.656,-0.0261640956032181
2.657,-0.025746534152601
2.658,-0.0253475822088628
2.659,-0.0250403016351098
2.66,-0.0248832102352943
2.661,-0.024907957893848
2.662,-0.0251115071576765
2.663,-0.025454808552622
2.664,-0.0258688341251762
2.665,-0.0262673578781206
2.666,-0.0265643072840196
2.667,-0.0266922089657976
2.668,-0.0266175898690114
2.669,-0.0263494639289966
2.67,-0.0259383263073431
2.671,-0.0254652101950808
2.672,-0.0250228737216047
2.673,-0.0246934260817237
2.674,-0.024528002179815
2.675,-0.0245339694310566
2.676,-0.0246734781244829
2.677,-0.024874276415723
2.678,-0.0250503322383247
2.679,-0.0251268858290706
2.68,-0.0250629940417609
2.681,-0.0248649826045438
2.682,-0.0245865206876397
2.683,-0.0243147147067679
2.684,-0.0241456727008198
2.685,-0.0241562326051112
2.686,-0.0243799738571177
2.687,-0.0247947352885688
2.688,-0.0253258106808935
2.689,-0.0258646055104437
2.69,-0.0262980601627137
2.691,-0.0265408865333125
2.692,-0.0265616087324136
2.693,-0.0263948974778984
2.694,-0.0261363497047812
2.695,-0.0259206614681193
2.696,-0.0258887095875511
2.697,-0.0261520990943662
2.698,-0.0267644010595576
2.699,-0.0277064425100778
2.7,-0.028889186802423
2.701,-0.0301730728353025
2.702,-0.0313984835572998
2.703,-0.0324194227838867
2.704,-0.0331321240370426
2.705,-0.0334921629684073
2.706,-0.0335170455327064
2.707,-0.0332751546164959
2.708,-0.0328652503579461
2.709,-0.0323925858557031
2.71,-0.0319477568787811
2.711,-0.0315928360324156
2.712,-0.0313567758886593
2.713,-0.0312393436958362
2.714,-0.0312207577082078
2.715,-0.031273233773011
2.716,-0.0313709223796472
2.717,-0.0314959417295852
2.718,-0.0316398662104038
2.719,-0.0318015362730475
2.72,-0.0319829766813348
2.721,-0.0321853642469133
2.722,-0.0324064707357826
2.723,-0.0326401242451836
2.724,-0.0328773590267903
2.725,-0.0331083694178393
2.726,-0.0333242933924159
2.727,-0.0335181769272079
2.728,-0.0336850133674145
2.729,-0.0338212556544038
2.73,-0.0339244518903855
2.731,-0.0339935653564969
2.732,-0.0340301629863199
2.733,-0.0340401594263982
2.734,-0.034035398157021
2.735,-0.0340342090744345
2.736,-0.0340602748973177
2.737,-0.0341396147443916
2.738,-0.0342960988659448
2.739,-0.0345464447303359
2.74,-0.0348959343701331
2.741,-0.0353360371320734
2.742,-0.0358447274004163
2.743,-0.0363896585794593
2.744,-0.0369336604186044
2.745,-0.0374414468762823
2.746,-0.0378861005273332
2.747,-0.038253912198294
2.748,-0.0385464948023532
2.749,-0.0387796784332805
2.75,-0.0389793984992993
2.751,-0.0391754566310468
2.752,-0.0393945196238622
2.753,-0.0396539139354939
2.754,-0.0399576182376426
2.755,-0.0402953717365463
2.756,-0.0406450945783497
2.757,-0.0409780167211272
2.758,-0.0412652279999219
2.759,-0.0414839820789924
2.76,-0.0416221381969269
2.761,-0.0416796286841834
2.762,-0.0416666892037634
2.763,-0.0415995576010703
2.764,-0.0414951470333489
2.765,-0.0413665597064087
2.766,-0.0412210693045763
2.767,-0.0410613821167495
2.768,-0.0408898052512964
2.769,-0.040713772383722
2.77,-0.0405504162219857
2.771,-0.0404278555009058
2.772,-0.0403816929037163
2.773,-0.0404467295941961
2.774,-0.0406456648739723
2.775,-0.0409779936844266
2.776,-0.0414128996649094
2.777,-0.0418893454702662
2.778,-0.0423248170307175
2.779,-0.0426317011930987
2.78,-0.0427377737878941
2.781,-0.0426055439306084
2.782,-0.0422448751163717
2.783,-0.0417146361526371
2.784,-0.0411118772742726
2.785,-0.0405504668730367
2.786,-0.0401342741511374
2.787,-0.0399318694984401
2.788,-0.0399596855283967
2.789,-0.0401785309119724
2.79,-0.0405047802402219
2.791,-0.0408334665217556
2.792,-0.0410670727635223
2.793,-0.0411420940888043
2.794,-0.0410459801502505
2.795,-0.0408197599959729
2.796,-0.040545736636224
2.797,-0.0403239209867468
2.798,-0.0402440832935853
2.799,-0.0403614754850945
2.8,-0.0406830705161999
2.801,-0.0411679460790362
2.802,-0.0417411913827269
2.803,-0.0423167274617101
2.804,-0.0428219058860518
2.805,-0.0432164324348198
2.806,-0.0435001123357867
2.807,-0.0437074974431826
2.808,-0.0438916069214724
2.809,-0.0441022280974384
2.81,-0.0443658745418637
2.811,-0.0446738371544386
2.812,-0.0449821523544117
2.813,-0.0452235696229193
2.814,-0.0453278948600478
2.815,-0.0452445420017041
2.816,-0.0449604846049248
2.817,-0.0445082046325588
2.818,-0.0439612090242159
2.819,-0.0434182946563977
2.82,-0.0429809052354438
2.821,-0.0427297363315673
2.822,-0.0427067461047819
2.823,-0.0429070136897533
2.824,-0.0432820430780296
2.825,-0.0437530134571247
2.826,-0.0442300118436423
2.827,-0.0446320833752395
2.828,-0.0449032162970602
2.829,-0.0450209193023673
2.83,-0.044996293090287
2.831,-0.0448667545181538
2.832,-0.0446842285549221
2.833,-0.0445023140453879
2.834,-0.0443656061390582
2.835,-0.0443032605571255
2.836,-0.0443274283977581
2.837,-0.044435821524165
2.838,-0.0446167351935486
2.839,-0.0448545269033086
2.84,-0.0451338098398989
2.841,-0.0454413017659144
2.842,-0.0457651393334129
2.843,-0.046092288067077
2.844,-0.0464052660458628
2.845,-0.0466796453285044
2.846,-0.0468836638641679
2.847,-0.0469808000868513
2.848,-0.0469354160383996
2.849,-0.0467206980590387
2.85,-0.0463272990406968
2.851,-0.0457705237544586
2.852,-0.0450937983426466
2.853,-0.044366655744308
2.854,-0.0436765466578472
2.855,-0.0431152735652277
2.856,-0.0427624008512767
2.857,-0.0426691778146875
2.858,-0.0428469080000383
2.859,-0.0432630573066158
2.86,-0.0438467429834877
2.861,-0.0445029327120785
2.862,-0.0451323109712911
2.863,-0.0456520400725141
2.864,-0.0460121399551147
2.865,-0.0462031974678553
2.866,-0.046253413831784
2.867,-0.0462160007533622
2.868,-0.0461507622235909
2.869,-0.0461054626494129
2.87,-0.046102674699576
2.871,-0.0461361128475263
2.872,-0.0461774498540496
2.873,-0.0461911954666653
2.874,-0.0461524817199747
2.875,-0.0460614699615981
2.876,-0.0459490102973014
2.877,-0.0458709306856075
2.878,-0.0458920826711333
2.879,-0.0460648277273141
2.88,-0.0464088277825035
2.881,-0.0468990250105291
2.882,-0.047466456941017
2.883,-0.0480126890155574
2.884,-0.0484343487636003
2.885,-0.0486508871312137
2.886,-0.0486273843668365
2.887,-0.0483854388221227
2.888,-0.0479986016910581
2.889,-0.0475734091455487
2.89,-0.0472213867249327
2.891,-0.0470300997073191
2.892,-0.0470415481341321
2.893,-0.0472438941173441
2.894,-0.0475784078986012
2.895,-0.0479589374609447
2.896,-0.0482975891434264
2.897,-0.0485287632698864
2.898,-0.0486246378614828
2.899,-0.0485982393660292
2.9,-0.0484943203702633
2.901,-0.0483720200171559
2.902,-0.0482855135194273
2.903,-0.0482689186646558
2.904,-0.0483297288833026
2.905,-0.0484517834067545
2.906,-0.0486054559341917
2.907,-0.0487605008924893
2.908,-0.0488965614963184
2.909,-0.049007761847232
2.91,-0.0491004519361184
2.911,-0.04918599978218
2.912,-0.0492724463791015
2.913,-0.049359139921039
2.914,-0.0494370563203412
2.915,-0.049494960265554
2.916,-0.0495288759590958
2.917,-0.0495505963182918
2.918,-0.0495909009208048
2.919,-0.0496948872966562
2.92,-0.0499097724614591
2.921,-0.0502686237703761
2.922,-0.0507755488371271
2.923,-0.0513980520433793
2.924,-0.0520703398672571
2.925,-0.052707876347567
2.926,-0.0532295957020989
2.927,-0.0535812264444802
2.928,-0.0537522663121203
2.929,-0.0537807095886168
2.93,-0.0537432702724105
2.931,-0.0537334357349015
2.932,-0.0538337250872841
2.933,-0.0540906432077493
2.934,-0.054500243612023
2.935,-0.0550090466187313
2.936,-0.0555302730415181
2.937,-0.0559704763533006
2.938,-0.0562582770052798
2.939,-0.056366144770113
2.94,-0.0563183184413084
2.941,-0.056182331623888
2.942,-0.0560468289819385
2.943,-0.0559927297219831
2.944,-0.0560669134874567
2.945,-0.0562667867379218
2.946,-0.0565406038893928
2.947,-0.0568033953740877
2.948,-0.0569634114622481
2.949,-0.0569507049016909
2.95,-0.0567388781040288
2.951,-0.056353269370296
2.952,-0.0558631936780379
2.953,-0.0553608784424416
2.954,-0.0549338434543902
2.955,-0.0546393902551797
2.956,-0.0544890353610696
2.957,-0.0544474699299169
2.958,-0.0544460338972282
2.959,-0.0544062223891806
2.96,-0.0542657774901041
2.961,-0.0539993240193906
2.962,-0.0536273819093838
2.963,-0.0532112629955692
2.964,-0.052835646156898
2.965,-0.0525842018956077
2.966,-0.0525154696661492
2.967,-0.0526458281312164
2.968,-0.0529440766831806
2.969,-0.0533386720044546
2.97,-0.0537351262831758
2.971,-0.0540384969911026
2.972,-0.0541749354667081
2.973,-0.0541070341102663
2.974,-0.0538398237278699
2.975,-0.0534169822441126
2.976,-0.0529092970618316
2.977,-0.0523990208339792
2.978,-0.0519641648052656
2.979,-0.0516660665553751
2.98,-0.0515421406006259
2.981,-0.0516041044018162
2.982,-0.0518406586487011
2.983,-0.0522228915959763
2.984,-0.0527106274656799
2.985,-0.0532583861437037
2.986,-0.0538202828595612
2.987,-0.0543537887645679
2.988,-0.0548226096564077
2.989,-0.0551989759109241
2.99,-0.0554654550807215
2.991,-0.0556161520376275
2.992,-0.0556569983144944
2.993,-0.0556048383448536
2.994,-0.0554851954546442
2.995,-0.0553288728967861
2.996,-0.0551678117448468
2.997,-0.055030799329799
2.998,-0.0549396565845056
2.999,-0.0549064408128032
3,-0.0549320293331565
3.001,-0.0550062543511704
3.002,-0.0551095775531537
3.003,-0.0552161327253906
3.004,-0.0552978134415781
3.005,-0.0553289269738009
3.006,-0.0552907819579009
3.007,-0.0551754631936219
3.008,-0.0549880316464947
3.009,-0.0547465285014704
3.01,-0.0544794837401995
3.011,-0.0542211014331811
3.012,-0.054004825396313
3.013,-0.0538564489615534
3.014,-0.0537881864063906
3.015,-0.0537950748295393
3.016,-0.0538546997348282
3.017,-0.0539305955576078
3.018,-0.0539788960239533
3.019,-0.0539570696797012
3.02,-0.0538330407722164
3.021,-0.0535927900588134
3.022,-0.0532447111536889
3.023,-0.0528195465197533
3.024,-0.052365554653896
3.025,-0.0519395251470662
3.026,-0.0515951878403974
3.027,-0.0513712733466481
3.028,-0.051281807276975
3.029,-0.0513110372117159
3.03,-0.0514146561933075
3.031,-0.0515277659896452
3.032,-0.0515785116214569
3.033,-0.0515048254120016
3.034,-0.0512706192738365
3.035,-0.0508774114105566
3.036,-0.0503679923535515
3.037,-0.049820324264278
3.038,-0.0493321514049846
3.039,-0.0489992561171602
3.04,-0.0488922655795563
3.041,-0.0490377831786299
3.042,-0.0494090035087596
3.043,-0.0499288779403235
3.044,-0.0504857721012511
3.045,-0.0509581970079741
3.046,-0.0512425517389898
3.047,-0.0512767104155273
3.048,-0.0510531496113071
3.049,-0.0506180134129986
3.05,-0.0500563569194193
3.051,-0.0494677105497174
3.052,-0.0489389059663217
3.053,-0.0485219200768226
3.054,-0.0482230189159486
3.055,-0.0480061066824254
3.056,-0.047808898477753
3.057,-0.0475666424994305
3.058,-0.0472358318949663
3.059,-0.0468104017138235
3.06,-0.0463253093434017
3.061,-0.0458464091082584
3.062,-0.0454498923814337
3.063,-0.0451978878157324
3.064,-0.0451180377714727
3.065,-0.0451935923015949
3.066,-0.0453672006899757
3.067,-0.0455572175473159
3.068,-0.0456813846507344
3.069,-0.0456804731172408
3.07,-0.0455345914708032
3.071,-0.0452673142582308
3.072,-0.0449367335354348
3.073,-0.0446166725889618
3.074,-0.044374277753577
3.075,-0.0442510786363554
3.076,-0.0442531541489086
3.077,-0.0443528154481622
3.078,-0.0445003493725125
3.079,-0.0446411733340629
3.08,-0.0447322841361849
3.081,-0.0447525691723529
3.082,-0.0447040669504944
3.083,-0.0446046690551065
3.084,-0.0444758202339793
3.085,-0.0443304229699381
3.086,-0.0441658400143557
3.087,-0.0439647749147031
3.088,-0.0437036987445712
3.089,-0.0433655289981307
3.09,-0.0429515347318023
3.091,-0.0424875697976418
3.092,-0.0420216809867428
3.093,-0.0416132061519121
3.094,-0.0413165744947351
3.095,-0.0411650430174274
3.096,-0.0411598265056387
3.097,-0.0412684138325756
3.098,-0.0414328818070421
3.099,-0.0415857448085255
3.1,-0.0416684315078939
3.101,-0.0416466787443063
3.102,-0.0415182201009014
3.103,-0.0413107170004177
3.104,-0.041071034141142
3.105,-0.0408496300962625
3.106,-0.0406851528882731
3.107,-0.0405939282446671
3.108,-0.040567135246489
3.109,-0.0405758043477619
3.11,-0.0405812882106812
3.111,-0.0405473661068247
3.112,-0.0404500653753993
3.113,-0.0402825127431344
3.114,-0.0400541084891099
3.115,-0.0397852744738153
3.116,-0.039500270816339
3.117,-0.0392207440264619
3.118,-0.0389618407747277
3.119,-0.0387313508021442
3.12,-0.0385310527743259
3.121,-0.0383587573910259
3.122,-0.0382096963977886
3.123,-0.0380767343368068
3.124,-0.0379499225313612
3.125,-0.0378166224578196
3.126,-0.0376634057434416
3.127,-0.0374801363749119
3.128,-0.0372653803207949
3.129,-0.037031144725547
3.13,-0.0368045116523556
3.131,-0.0366243398447623
3.132,-0.0365327796807129
3.133,-0.0365633681962205
3.134,-0.0367291696524797
3.135,-0.0370150623225975
3.136,-0.0373774412970262
3.137,-0.0377524406280854
3.138,-0.0380709404192034
3.139,-0.0382761051892629
3.14,-0.0383379623554855
3.141,-0.0382601421064325
3.142,-0.0380762892942407
3.143,-0.0378370891261291
3.144,-0.0375921504638668
3.145,-0.0373729609572768
3.146,-0.0371829746282777
3.147,-0.0369985493766269
3.148,-0.036780647992249
3.149,-0.0364932539501906
3.15,-0.0361217651386526
3.151,-0.0356842628524433
3.152,-0.0352307717930075
3.153,-0.0348297685586122
3.154,-0.0345458685004316
3.155,-0.0344161643238466
3.156,-0.0344337615543034
3.157,-0.0345451270109678
3.158,-0.034663450399204
3.159,-0.0346947392072216
3.16,-0.0345686936961047
3.161,-0.0342642196038752
3.162,-0.0338206186102172
3.163,-0.0333298051228244
3.164,-0.0329109961011983
3.165,-0.0326752051905273
3.166,-0.0326905428741063
3.167,-0.0329594709546144
3.168,-0.0334156311656544
3.169,-0.0339417508075687
3.17,-0.0344034033570578
3.171,-0.0346882858866009
3.172,-0.0347388730252115
3.173,-0.0345684300280374
3.174,-0.0342557176101069
3.175,-0.0339205231441209
3.176,-0.0336881532082098
3.177,-0.0336542535259151
3.178,-0.0338607669752929
3.179,-0.0342897693427292
3.18,-0.0348757881271027
3.181,-0.0355311340725049
3.182,-0.036174812546326
3.183,-0.0367550127599779
3.184,-0.0372580743639137
3.185,-0.0377020723552113
3.186,-0.0381188212003778
3.187,-0.0385321550937686
3.188,-0.0389413856926617
3.189,-0.0393165684069849
3.19,-0.0396075168414025
3.191,-0.0397631472091758
3.192,-0.0397536871364764
3.193,-0.039587030632696
3.194,-0.0393125224510304
3.195,-0.0390099833188336
3.196,-0.0387671947942248
3.197,-0.0386533776113441
3.198,-0.0386978386740922
3.199,-0.0388813097534579
3.2,-0.039143124129044
3.201,-0.0394018313664935
3.202,-0.039582120137529
3.203,-0.03963870572337
3.204,-0.0395689468509033
3.205,-0.0394100003747134
3.206,-0.039221860841195
3.207,-0.0390626818603427
3.208,-0.0389655223908805
3.209,-0.0389251094066229
3.21,-0.0388995466121059
3.211,-0.0388264346012791
3.212,-0.038647564862845
3.213,-0.038333126382776
3.214,-0.0378964022609758
3.215,-0.0373932526008061
3.216,-0.0369061162785492
3.217,-0.0365178820843506
3.218,-0.0362847568466811
3.219,-0.0362178091863256
3.22,-0.0362799460954916
3.221,-0.0363996783705973
3.222,-0.0364970419488892
3.223,-0.0365125936831666
3.224,-0.036429103776897
3.225,-0.0362779409780765
3.226,-0.0361274185433126
3.227,-0.0360567330206167
3.228,-0.0361243663917395
3.229,-0.036342077355673
3.23,-0.0366640340109326
3.231,-0.0369957091172094
3.232,-0.0372205078567772
3.233,-0.0372359753113298
3.234,-0.0369879290495624
3.235,-0.0364912012188185
3.236,-0.035829783911189
3.237,-0.0351357130320113
3.238,-0.0345528464747257
3.239,-0.0341965508465719
3.24,-0.0341216277686154
3.241,-0.0343081870595563
3.242,-0.034669507319334
3.243,-0.0350790881590089
3.244,-0.0354083032598431
3.245,-0.0355631216503501
3.246,-0.035509107172611
3.247,-0.035277945492252
3.248,-0.0349546534812057
3.249,-0.0346504384610486
3.25,-0.0344700751627696
3.251,-0.0344835649999563
3.252,-0.0347096866574177
3.253,-0.0351147802663798
3.254,-0.0356252781542061
3.255,-0.0361486963218517
3.256,-0.0365961308363542
3.257,-0.0369000364155593
3.258,-0.0370236321839815
3.259,-0.0369615498809582
3.26,-0.0367340744851012
3.261,-0.0363786406933336
3.262,-0.0359419005292614
3.263,-0.035474100581328
3.264,-0.0350255775753372
3.265,-0.0346438283091654
3.266,-0.0343694314269417
3.267,-0.0342301223100484
3.268,-0.0342340128982277
3.269,-0.0343644445756723
3.27,-0.0345794517733287
3.271,-0.0348178904492224
3.272,-0.0350121468455038
3.273,-0.0351047438249982
3.274,-0.0350641415241635
3.275,-0.0348944977308131
3.276,-0.0346355187278016
3.277,-0.0343514942935595
3.278,-0.0341122271356461
3.279,-0.0339715624685259
3.28,-0.0339504512790385
3.281,-0.0340303605794308
3.282,-0.034159612321797
3.283,-0.0342709061721119
3.284,-0.0343043311415228
3.285,-0.0342280159991563
3.286,-0.0340490630467404
3.287,-0.0338105122155897
3.288,-0.0335748276115798
3.289,-0.0333991993177881
3.29,-0.0333111323339301
3.291,-0.0332931689540926
3.292,-0.0332829033698711
3.293,-0.0331894896991216
3.294,-0.0329222211759007
3.295,-0.032422360764963
3.296,-0.0316877731241938
3.297,-0.0307817000300863
3.298,-0.0298217598589363
3.299,-0.0289514614326523
3.3,-0.0283022026191404
3.301,-0.0279570057326854
3.302,-0.0279270112610707
3.303,-0.0281480279411567
3.304,-0.0284983768897351
3.305,-0.0288327903971344
3.306,-0.0290222892013843
3.307,-0.0289882881031266
3.308,-0.028721163553766
3.309,-0.0282784739366069
3.31,-0.027764327252621
3.311,-0.0272970170460198
3.312,-0.0269752384079499
3.313,-0.0268530276633604
3.314,-0.0269302304743994
3.315,-0.0271600012870003
3.316,-0.0274693715084428
3.317,-0.0277850738003801
3.318,-0.0280557480229516
3.319,-0.0282635801621773
3.32,-0.0284225359262326
3.321,-0.028565147835075
3.322,-0.0287236376993694
3.323,-0.0289127503042745
3.324,-0.0291206014414062
3.325,-0.0293106035789881
3.326,-0.0294333559543106
3.327,-0.0294437834367346
3.328,-0.029317036798906
3.329,-0.0290572975839752
3.33,-0.0286963687064381
3.331,-0.0282827415017616
3.332,-0.0278653163251373
3.333,-0.0274778631468003
3.334,-0.0271299696041748
3.335,-0.0268077778296477
3.336,-0.026484152856767
3.337,-0.026134379622793
3.338,-0.0257513362932881
3.339,-0.0253541273413009
3.34,-0.0249863957689144
3.341,-0.0247042055031636
3.342,-0.0245572135008937
3.343,-0.0245694875173237
3.344,-0.0247268191731444
3.345,-0.0249755115443735
3.346,-0.0252339743656334
3.347,-0.025414239419154
3.348,-0.0254471225636201
3.349,-0.0253033480815525
3.35,-0.0250040051812548
3.351,-0.0246169010050926
3.352,-0.0242396814661323
3.353,-0.0239746239278884
3.354,-0.0239024786423271
3.355,-0.0240628850115251
3.356,-0.0244467128977289
3.357,-0.0250019248038167
3.358,-0.0256504547866143
3.359,-0.0263104591052547
3.36,-0.0269170609510373
3.361,-0.0274356834752821
3.362,-0.0278648131187979
3.363,-0.0282285755271728
3.364,-0.0285626487049715
3.365,-0.0288987883554711
3.366,-0.02925312202332
3.367,-0.0296215569780674
3.368,-0.0299828772479418
3.369,-0.0303073954580456
3.37,-0.0305673118472889
3.371,-0.0307447512797395
3.372,-0.0308347639577351
3.373,-0.0308428171286523
3.374,-0.0307785915061018
3.375,-0.0306493594237598
3.376,-0.0304563205805184
3.377,-0.0301959809643977
3.378,-0.0298664758480338
3.379,-0.0294764898984372
3.38,-0.0290529826740739
3.381,-0.0286438739945661
3.382,-0.0283132754711965
3.383,-0.0281293314168515
3.384,-0.0281474245168468
3.385,-0.0283934722007766
3.386,-0.0288525668591981
3.387,-0.0294670415169503
3.388,-0.0301454783292748
3.389,-0.0307809945260139
3.39,-0.0312743318773729
3.391,-0.0315557301949516
3.392,-0.0315997799734895
3.393,-0.0314293706852587
3.394,-0.0311078959842368
3.395,-0.0307221216237747
3.396,-0.0303605976495198
3.397,-0.0300934923171055
3.398,-0.0299590006088504
3.399,-0.0299593233291095
3.4,-0.0300663308980036
3.401,-0.0302343097647298
3.402,-0.0304154305125234
3.403,-0.0305732307668619
3.404,-0.0306904725332178
3.405,-0.0307697849716564
3.406,-0.0308278445084155
3.407,-0.0308857433479173
3.408,-0.0309591145426169
3.409,-0.0310513185193754
3.41,-0.0311517300999378
3.411,-0.0312393657734914
3.412,-0.0312903517523
3.413,-0.031286581093946
3.414,-0.0312226497354424
3.415,-0.0311088106555284
3.416,-0.0309689859166564
3.417,-0.0308344011891577
3.418,-0.030734699471305
3.419,-0.0306890963783046
3.42,-0.0307000972225114
3.421,-0.0307515620129863
3.422,-0.0308117143011992
3.423,-0.0308403793044558
3.424,-0.0307986468113132
3.425,-0.0306585474709682
3.426,-0.0304103371376899
3.427,-0.0300655823600779
3.428,-0.0296552748554344
3.429,-0.0292234225837741
3.43,-0.0288176785030281
3.431,-0.0284793052235394
3.432,-0.0282349447588912
3.433,-0.028092205052937
3.434,-0.0280400794003622
3.435,-0.0280539177170933
3.436,-0.0281034074644383
3.437,-0.0281611557508857
3.438,-0.0282092729459009
3.439,-0.0282419499437384
3.44,-0.0282632754144293
3.441,-0.0282811141638206
3.442,-0.0282992804854155
3.443,-0.028311007143268
3.444,-0.0282965067586252
3.445,-0.0282262126111403
3.446,-0.0280693736100996
3.447,-0.0278056450222212
3.448,-0.0274358574003863
3.449,-0.026987843599799
3.45,-0.0265143123317804
3.451,-0.0260820742251215
3.452,-0.0257548081062792
3.453,-0.0255740831198474
3.454,-0.0255446185475638
3.455,-0.0256291823517358
3.456,-0.0257560745566127
3.457,-0.0258384140678197
3.458,-0.0258005405353204
3.459,-0.0256040237363365
3.46,-0.025265076350238
3.461,-0.0248570275077497
3.462,-0.0244955723155238
3.463,-0.0243096581769162
3.464,-0.0244055496658667
3.465,-0.024834306352665
3.466,-0.0255726154655832
3.467,-0.0265235328708047
3.468,-0.0275380699481893
3.469,-0.0284523475530399
3.47,-0.0291301274492643
3.471,-0.0294985159385553
3.472,-0.0295662642830934
3.473,-0.0294190012316019
3.474,-0.0291925160752413
3.475,-0.029031823314752
3.476,-0.0290481318850345
3.477,-0.0292866041585574
3.478,-0.0297146173750972
3.479,-0.0302340520017523
3.48,-0.0307138046262092
3.481,-0.0310325146939986
3.482,-0.031118335817887
3.483,-0.0309734668461147
3.484,-0.0306758220181109
3.485,-0.0303572215912029
3.486,-0.03016465651033
3.487,-0.0302163116703915
3.488,-0.0305655610591742
3.489,-0.0311836472129109
3.49,-0.0319660531202237
3.491,-0.0327604684388924
3.492,-0.033407938527089
3.493,-0.0337851581572833
3.494,-0.0338359418574307
3.495,-0.0335835084307536
3.496,-0.03312111810794
3.497,-0.0325849081095141
3.498,-0.0321175676890769
3.499,-0.0318334305224894
3.5,-0.0317942570342003
3.501,-0.0320010745850754
3.502,-0.0324023393572149
3.503,-0.0329140410535976
3.504,-0.0334445627797731
3.505,-0.0339168002225525
3.506,-0.0342820405655908
3.507,-0.0345234846421217
3.508,-0.0346507963980858
3.509,-0.0346895204291561
3.51,-0.0346699520614402
3.511,-0.0346190803182688
3.512,-0.0345571616200975
3.513,-0.0344982555124681
3.514,-0.0344525477443735
3.515,-0.0344280082018817
3.516,-0.0344298491970009
3.517,-0.0344578439466718
3.518,-0.0345030665208001
3.519,-0.0345463274366616
3.52,-0.0345601633720256
3.521,-0.0345148438043904
3.522,-0.0343870551341987
3.523,-0.0341684791533153
3.524,-0.0338710448568441
3.525,-0.0335264645807776
3.526,-0.0331795302039556
3.527,-0.0328768811564245
3.528,-0.0326547211421785
3.529,-0.0325295521782798
3.53,-0.032495124807227
3.531,-0.0325267238214558
3.532,-0.0325913352267308
3.533,-0.0326601000542044
3.534,-0.0327185552982888
3.535,-0.0327708662435887
3.536,-0.0328363647956855
3.537,-0.0329395023545536
3.538,-0.0330968098091422
3.539,-0.033305720825493
3.54,-0.033539661503729
3.541,-0.0337517466667863
3.542,-0.0338864365305389
3.543,-0.0338956303362187
3.544,-0.0337539258757815
3.545,-0.0334678018111884
3.546,-0.0330753211364675
3.547,-0.0326360158059176
3.548,-0.0322138685391587
3.549,-0.0318586511257997
3.55,-0.031591503423689
3.551,-0.0313993185857098
3.552,-0.0312396724547143
3.553,-0.0310546439967449
3.554,-0.0307890510492442
3.555,-0.0304073032478845
3.556,-0.0299036683051008
3.557,-0.0293030251998611
3.558,-0.0286523438270506
3.559,-0.0280061097934968
3.56,-0.0274107197933637
3.561,-0.0268929442293848
3.562,-0.0264559291069906
3.563,-0.0260835004412857
3.564,-0.0257506992100562
3.565,-0.0254364785383582
3.566,-0.0251339793683957
3.567,-0.0248548763772408
3.568,-0.0246265122338307
3.569,-0.0244830980646894
3.57,-0.0244542541252648
3.571,-0.0245549345332833
3.572,-0.0247801159008741
3.573,-0.0251058321377646
3.574,-0.0254958877567896
3.575,-0.0259116860008259
3.576,-0.0263217083460638
3.577,-0.0267075378721979
3.578,-0.0270647335857336
3.579,-0.0273987746494596
3.58,-0.0277179952254799
3.581,-0.0280263299855852
3.582,-0.02831851796267
3.583,-0.0285793033558881
3.584,-0.0287865956604405
3.585,-0.0289171221109586
3.586,-0.0289523459068504
3.587,-0.0288825736903846
3.588,-0.0287081130014027
3.589,-0.0284376421420357
3.59,-0.0280850724789116
3.591,-0.0276666616426736
3.592,-0.027199793125508
3.593,-0.0267038347720618
3.594,-0.0262022658679655
3.595,-0.0257243637367196
3.596,-0.0253045941091209
3.597,-0.0249785888400005
3.598,-0.024775990994051
3.599,-0.0247119808732282
3.6,-0.0247803441895922
3.601,-0.0249510168140006
3.602,-0.0251739843174191
3.603,-0.0253894912612284
3.604,-0.0255423373820813
3.605,-0.025596367335256
3.606,-0.0255447418202423
3.607,-0.0254124978192304
3.608,-0.0252500690303244
3.609,-0.0251192053926342
3.61,-0.0250752162028773
3.611,-0.0251508215306739
3.612,-0.0253466209912359
3.613,-0.0256312874596281
3.614,-0.0259516152877229
3.615,-0.0262494245232661
3.616,-0.0264800547097536
3.617,-0.0266265375288644
3.618,-0.0267047754985238
3.619,-0.0267578294455521
3.62,-0.026840879226532
3.621,-0.0270014763850161
3.622,-0.027261365840032
3.623,-0.0276058535255371
3.624,-0.0279844887703675
3.625,-0.0283233718369218
3.626,-0.0285457527921457
3.627,-0.0285948968199194
3.628,-0.0284523084668274
3.629,-0.0281456334555541
3.63,-0.0277435392590166
3.631,-0.0273387164759512
3.632,-0.027023676031472
3.633,-0.0268661693135554
3.634,-0.0268911808142946
3.635,-0.0270745091225199
3.636,-0.0273495616117971
3.637,-0.0276251762539719
3.638,-0.0278091991562098
3.639,-0.0278310962956751
3.64,-0.0276574544611792
3.641,-0.0272965946290122
3.642,-0.0267919037140971
3.643,-0.0262068200720501
3.644,-0.0256066637003444
3.645,-0.0250430277074301
3.646,-0.0245451495304861
3.647,-0.024120045057568
3.648,-0.0237601174246166
3.649,-0.0234544658643233
3.65,-0.0231990297099866
3.651,-0.0230013496672404
3.652,-0.0228778759253328
3.653,-0.0228446637420082
3.654,-0.0229049741495477
3.655,-0.0230388065270467
3.656,-0.0231991677717792
3.657,-0.0233179283135189
3.658,-0.0233210020053374
3.659,-0.0231492928379587
3.66,-0.0227794546717452
3.661,-0.0222378469495062
3.662,-0.0216024601251453
3.663,-0.0209907163051558
3.664,-0.0205350545452597
3.665,-0.0203519140646812
3.666,-0.0205120079492149
3.667,-0.0210199017172301
3.668,-0.0218087636128898
3.669,-0.0227522905901018
3.67,-0.0236912995295104
3.671,-0.0244685713303083
3.672,-0.0249633401203294
3.673,-0.0251169360637337
3.674,-0.0249434627369633
3.675,-0.0245233284510701
3.676,-0.0239818421047126
3.677,-0.0234587238175085
3.678,-0.023076321761098
3.679,-0.0229141402671607
3.68,-0.0229951567029909
3.681,-0.0232860486244529
3.682,-0.0237098684945871
3.683,-0.0241668686687337
3.684,-0.0245577686551404
3.685,-0.024803972064337
3.686,-0.024860801152482
3.687,-0.0247220961210342
3.688,-0.0244167840231867
3.689,-0.0239996462881713
3.69,-0.023539194143845
3.691,-0.0231053415425037
3.692,-0.0227587695382515
3.693,-0.0225429452387852
3.694,-0.0224790651183396
3.695,-0.0225639048822617
3.696,-0.0227706008934301
3.697,-0.0230525095222511
3.698,-0.0233502030284288
3.699,-0.0236011942281249
3.7,-0.02375118746125
3.701,-0.0237648046904804
3.702,-0.0236332326864959
3.703,-0.0233764383135284
3.704,-0.0230386502238978
3.705,-0.0226775378578388
3.706,-0.0223494602882469
3.707,-0.0220946670352296
3.708,-0.0219268178507242
3.709,-0.0218303303953919
3.71,-0.0217669707877258
3.711,-0.0216903178390758
3.712,-0.0215640996743289
3.713,-0.0213788003643572
3.714,-0.0211609838342541
3.715,-0.0209716113049878
3.716,-0.0208927918283387
3.717,-0.0210059892729168
3.718,-0.0213675997931486
3.719,-0.0219890501030044
3.72,-0.0228276619284434
3.721,-0.0237916524776632
3.722,-0.0247585996052644
3.723,-0.0256027018648123
3.724,-0.0262234482342935
3.725,-0.0265677572006084
3.726,-0.0266394732047757
3.727,-0.0264938003396516
3.728,-0.026218693710099
3.729,-0.025909050387066
3.73,-0.0256415545942097
3.731,-0.0254576047083363
3.732,-0.0253590183841478
3.733,-0.0253170431449717
3.734,-0.0252909200319548
3.735,-0.0252492235918396
3.736,-0.0251864007469078
3.737,-0.0251286112563477
3.738,-0.0251265938049129
3.739,-0.0252376770209392
3.74,-0.0255028015126029
3.741,-0.0259262957633404
3.742,-0.0264655281065464
3.743,-0.0270346097742344
3.744,-0.0275219674874075
3.745,-0.0278172112141394
3.746,-0.0278396852861609
3.747,-0.0275603765445329
3.748,-0.0270106977346304
3.749,-0.0262754993037388
3.75,-0.0254722972652122
3.751,-0.0247227052341163
3.752,-0.0241242022126464
3.753,-0.0237300248032512
3.754,-0.0235422979398858
3.755,-0.0235193905110871
3.756,-0.0235942149739276
3.757,-0.0236971094169639
3.758,-0.0237759660701838
3.759,-0.0238076325694183
3.76,-0.0237977956260648
3.761,-0.0237704811312844
3.762,-0.0237516846930087
3.763,-0.0237534083541084
3.764,-0.0237640006824746
3.765,-0.0237483632192766
3.766,-0.0236581114247939
3.767,-0.0234483296069724
3.768,-0.0230952691530296
3.769,-0.0226089387170438
3.77,-0.0220361250997071
3.771,-0.0214524170737228
3.772,-0.0209452779343941
3.773,-0.0205930029114547
3.774,-0.0204456290288623
3.775,-0.0205131865093043
3.776,-0.0207643647475135
3.777,-0.0211355002055815
3.778,-0.0215468085809715
3.779,-0.0219209076214956
3.78,-0.0221984374120085
3.781,-0.0223469524779131
3.782,-0.0223616836704251
3.783,-0.0222593832811499
3.784,-0.0220684023377337
3.785,-0.0218188209756833
3.786,-0.0215357507447213
3.787,-0.0212372278333793
3.788,-0.0209361234084784
3.789,-0.0206439765271331
3.79,-0.0203741499154626
3.791,-0.0201423485352972
3.792,-0.0199640043229917
3.793,-0.0198496791235095
3.794,-0.0198007662353102
3.795,-0.0198078831448157
3.796,-0.0198533557644993
3.797,-0.0199174622255572
3.798,-0.019986320313428
3.799,-0.0200582206788114
3.8,-0.0201453523420677
3.801,-0.0202693116010999
3.802,-0.0204510930264294
3.803,-0.0206986141872106
3.804,-0.0209963096358325
3.805,-0.0213012725716382
3.806,-0.0215486680105846
3.807,-0.0216661497497799
3.808,-0.0215937447619901
3.809,-0.0213032736000273
3.81,-0.0208107956801416
3.811,-0.0201771831942443
3.812,-0.0194953756227131
3.813,-0.0188671184004799
3.814,-0.0183756571372879
3.815,-0.0180626552677482
3.816,-0.0179167904842591
3.817,-0.0178781638172629
3.818,-0.0178577786690695
3.819,-0.0177664479982652
3.82,-0.0175441901668577
3.821,-0.0171806502033694
3.822,-0.0167196381375929
3.823,-0.0162458040965239
3.824,-0.0158572465967297
3.825,-0.0156326069382518
3.826,-0.0156033337214264
3.827,-0.015740509139956
3.828,-0.0159612147981701
3.829,-0.0161532182067017
3.83,-0.0162107481148207
3.831,-0.0160702618501327
3.832,-0.0157347077105135
3.833,-0.0152780715164283
3.834,-0.0148279973216497
3.835,-0.0145311170497787
3.836,-0.0145112356889407
3.837,-0.0148329183397162
3.838,-0.015481513636636
3.839,-0.0163656742325433
3.84,-0.0173415603242635
3.841,-0.018251309418017
3.842,-0.0189641081299057
3.843,-0.0194076316491766
3.844,-0.0195808609824737
3.845,-0.0195452649294866
3.846,-0.0193981028719714
3.847,-0.0192370058266271
3.848,-0.0191273481236534
3.849,-0.0190825670359624
3.85,-0.0190630674574977
3.851,-0.0189932105766684
3.852,-0.0187901498988053
3.853,-0.018394767359487
3.854,-0.0177947130678887
3.855,-0.0170325031472968
3.856,-0.0161966827913561
3.857,-0.0153994823143546
3.858,-0.0147484117645976
3.859,-0.0143206339863938
3.86,-0.0141474359458931
3.861,-0.0142123732581982
3.862,-0.0144620806503978
3.863,-0.014824900433114
3.864,-0.0152306044074095
3.865,-0.015625039624726
3.866,-0.0159761106590573
3.867,-0.0162710374516326
3.868,-0.0165079594237223
3.869,-0.0166865919503963
3.87,-0.0168023013238817
3.871,-0.0168459344832484
3.872,-0.0168089268621095
3.873,-0.0166907767849166
3.874,-0.0165048838833681
3.875,-0.0162794094890789
3.876,-0.016051933838517
3.877,-0.0158593858943057
3.878,-0.0157269011623518
3.879,-0.0156600138900329
3.88,-0.0156435592358261
3.881,-0.0156481943806564
3.882,-0.0156424690898581
3.883,-0.0156060435641007
3.884,-0.015538915363883
3.885,-0.0154627496006231
3.886,-0.0154132376476806
3.887,-0.0154258403184453
3.888,-0.0155200259266546
3.889,-0.0156881068379092
3.89,-0.0158935288871652
3.891,-0.0160803038750176
3.892,-0.0161912475624756
3.893,-0.0161892169243737
3.894,-0.0160739249891229
3.895,-0.0158878428658787
3.896,-0.0157079959138621
3.897,-0.0156250981295
3.898,-0.0157159024738361
3.899,-0.0160173359336807
3.9,-0.0165109367906675
3.901,-0.017123219740002
3.902,-0.0177427254459508
3.903,-0.0182492198471105
3.904,-0.0185465298057821
3.905,-0.018589168061993
3.906,-0.018394688451144
3.907,-0.018038073294775
3.908,-0.0176299900284529
3.909,-0.0172856767253722
3.91,-0.0170939447575402
3.911,-0.0170954692958132
3.912,-0.0172763297203498
3.913,-0.0175777632368873
3.914,-0.0179179753252156
3.915,-0.018218283631132
3.916,-0.0184249771895889
3.917,-0.0185202523231821
3.918,-0.0185196754903998
3.919,-0.0184583688618572
3.92,-0.0183718818741679
3.921,-0.0182792442275096
3.922,-0.0181745335667239
3.923,-0.0180299142717759
3.924,-0.0178087488115231
3.925,-0.0174836042543175
3.926,-0.0170521046673772
3.927,-0.0165442657246753
3.928,-0.0160179433408808
3.929,-0.0155432814049713
3.93,-0.015181066571646
3.931,-0.0149622812442384
3.932,-0.0148760424461909
3.933,-0.0148705278560834
3.934,-0.0148672716990738
3.935,-0.0147847698918637
3.936,-0.0145641534012471
3.937,-0.0141888391982419
3.938,-0.0136918432119327
3.939,-0.0131482660895218
3.94,-0.0126550967839104
3.941,-0.012304423207328
3.942,-0.0121581352387228
3.943,-0.0122316415721742
3.944,-0.012491220382488
3.945,-0.0128653514778568
3.946,-0.0132661165531111
3.947,-0.0136138454087322
3.948,-0.0138574996222674
3.949,-0.0139849558231095
3.95,-0.0140207597726837
3.951,-0.0140129238592255
3.952,-0.0140136485650274
3.953,-0.0140604545305347
3.954,-0.0141636951643491
3.955,-0.0143040541293917
3.956,-0.0144402642628846
3.957,-0.0145240340614327
3.958,-0.0145170542405774
3.959,-0.0144045789444344
3.96,-0.0142014452885456
3.961,-0.0139489673292728
3.962,-0.0137040272747104
3.963,-0.0135239617850719
3.964,-0.013451841385707
3.965,-0.0135062597416869
3.966,-0.0136780678228398
3.967,-0.0139342436266746
3.968,-0.0142270378831286
3.969,-0.0145052978442054
3.97,-0.0147247336542385
3.971,-0.0148547514476969
3.972,-0.0148809138297153
3.973,-0.0148035415558545
3.974,-0.0146339495494601
3.975,-0.014390060851432
3.976,-0.0140927104243079
3.977,-0.0137631355546105
3.978,-0.0134213615750744
3.979,-0.0130847812133999
3.98,-0.012766345386444
3.981,-0.0124723344136338
3.982,-0.0122003627701283
3.983,-0.0119387195045356
3.984,-0.0116680818368374
3.985,-0.0113659971010196
3.986,-0.0110134989706006
3.987,-0.0106021924474161
3.988,-0.0101395444661871
3.989,-0.00965026918746907
3.99,-0.00917265906398763
3.991,-0.00875024126516784
3.992,-0.00842075151596954
3.993,-0.00820554961357064
3.994,-0.00810280516057246
3.995,-0.00808689671297196
3.996,-0.00811469518584155
3.997,-0.00813726463379956
3.998,-0.00811369220640827
3.999,-0.00802287358033951
4,-0.00786947547824525
4.001,-0.00768191499774242
4.002,-0.00750257708348206
4.003,-0.00737291161002982
4.004,-0.0073177475377783
4.005,-0.00733357956207877
4.006,-0.0073845608665657
4.007,-0.00740776295057994
4.008,-0.00732659229915231
4.009,-0.00706889382656457
4.01,-0.00658493314817468
4.011,-0.00586052112123102
4.012,-0.00492197106347246
4.013,-0.00383189314569459
4.014,-0.00267730789927533
4.015,-0.00155346036057269
4.016,-0.000547515316374873
4.017,0.000274136071617384
4.018,0.000872675154986032
4.019,0.00123737587866643
4.02,0.00138117322832875
4.021,0.00133361889920034
4.022,0.0011336521426646
4.023,0.000823899607815617
4.024,0.000447089873571405
4.025,4.41203245816145e-05
4.026,-0.000347248901702662
4.027,-0.000694010527263475
4.028,-0.000970154386261848
4.029,-0.00115905969844929
4.03,-0.00125499076189862
4.031,-0.00126263234259601
4.032,-0.0011941919064676
4.033,-0.00106458163825578
4.034,-0.000886158102450038
4.035,-0.000664991277602702
4.036,-0.000400362805490085
4.037,-8.8154210244279e-05
4.038,0.000272700483006441
4.039,0.000672914896653884
4.04,0.00108764897527272
4.041,0.0014760447976265
4.042,0.00178678177228698
4.043,0.00196891233768034
4.044,0.00198522611989232
4.045,0.00182411965263532
4.046,0.00150594985430593
4.047,0.00108123774975731
4.048,0.000620493431397332
4.049,0.000198097194939523
4.05,-0.000125301412893859
4.051,-0.000316741449378004
4.052,-0.00037713040766876
4.053,-0.000337886471770061
4.054,-0.000249286624977935
4.055,-0.000164394655088598
4.056,-0.000123800749905553
4.057,-0.000146006789379205
4.058,-0.000226256031433106
4.059,-0.000343624216838311
4.06,-0.000473296845950101
4.061,-0.00059917552075382
4.062,-0.000721928030292844
4.063,-0.000859349933958295
4.064,-0.00103882803514991
4.065,-0.0012847419457956
4.066,-0.00160569401050029
4.067,-0.00198673736775944
4.068,-0.0023901182584326
4.069,-0.00276500300154379
4.07,-0.00306328893154333
4.071,-0.00325612523613297
4.072,-0.00334513736290009
4.073,-0.0033638713308448
4.074,-0.00336820152672945
4.075,-0.00341829742953584
4.076,-0.00355787546640701
4.077,-0.00379773033455685
4.078,-0.00410942020577725
4.079,-0.00443176893869596
4.08,-0.00468858604815288
4.081,-0.00481213296288908
4.082,-0.00476473158350156
4.083,-0.00455130323809104
4.084,-0.00421847628782013
4.085,-0.00384029453629617
4.086,-0.00349503261025587
4.087,-0.00324066010138222
4.088,-0.00309704157689003
4.089,-0.00304079692974604
4.09,-0.0030145770036726
4.091,-0.00294772175001162
4.092,-0.00278146957978422
4.093,-0.00249035588063982
4.094,-0.00209269017104424
4.095,-0.00164661018239369
4.096,-0.00123296030369309
4.097,-0.000930539707716172
4.098,-0.000791688945690159
4.099,-0.000825958766200643
4.1,-0.000996859474518067
4.101,-0.00123239422215427
4.102,-0.00144570164221024
4.103,-0.00155912332195777
4.104,-0.00152431091920436
4.105,-0.00133272085996426
4.106,-0.00101430372284222
4.107,-0.000626114885438815
4.108,-0.000235590608981581
4.109,9.56277801047475e-05
4.11,0.000322441902246557
4.111,0.000419363936663347
4.112,0.000376823350247523
4.113,0.000194123435671497
4.114,-0.000126646209593135
4.115,-0.000582406357865594
4.116,-0.00116563654878301
4.117,-0.00185749671377649
4.118,-0.00262136455277399
4.119,-0.00340102720984985
4.12,-0.00412629967417165
4.121,-0.00472600926802346
4.122,-0.00514514051273128
4.123,-0.00536070592436323
4.124,-0.00539053777687983
4.125,-0.00529097418646767
4.126,-0.00514284520395775
4.127,-0.00502912075712693
4.128,-0.00501068212567602
4.129,-0.00510777865207169
4.13,-0.00529334006027816
4.131,-0.0055007874684504
4.132,-0.00564442704633338
4.133,-0.00564641059072114
4.134,-0.00546198334588729
4.135,-0.00509510204809327
4.136,-0.00459942483304424
4.137,-0.00406423133827978
4.138,-0.0035895610073934
4.139,-0.00325823279774758
4.14,-0.00311334512973986
4.141,-0.00314806336896261
4.142,-0.00331058107541081
4.143,-0.00352236830142525
4.144,-0.00370372718381097
4.145,-0.00379854689744622
4.146,-0.00379061531283924
4.147,-0.00370669001136109
4.148,-0.00360579371989791
4.149,-0.00355849776760241
4.15,-0.00362294703520328
4.151,-0.00382517731219236
4.152,-0.00414971801592406
4.153,-0.00454313634268176
4.154,-0.00492916291773679
4.155,-0.00523059773691021
4.156,-0.00539134035078841
4.157,-0.00539209318262944
4.158,-0.00525537671031356
4.159,-0.00503874419440933
4.16,-0.00481847321510907
4.161,-0.00466855631983159
4.162,-0.00464084954245763
4.163,-0.00475158818137373
4.164,-0.00497745938998003
4.165,-0.00526170034219241
4.166,-0.00552806729918414
4.167,-0.00569868620691014
4.168,-0.00571115698707625
4.169,-0.00553088879429772
4.17,-0.00515621028168329
4.171,-0.00461582930406935
4.172,-0.00396014876289718
4.173,-0.00324930069127481
4.174,-0.00254124992890706
4.175,-0.00188289121315032
4.176,-0.00130589800408646
4.177,-0.000827528969527944
4.178,-0.000455093136212542
4.179,-0.000191731411589263
4.18,-4.08844846824243e-05
4.181,-7.38095040174372e-06
4.182,-9.4355293106739e-05
4.183,-0.000296836021313931
4.184,-0.000594334157118571
4.185,-0.000945607365302029
4.186,-0.00128861547530519
4.187,-0.00154743612144391
4.188,-0.00164583469500343
4.189,-0.00152484897897587
4.19,-0.00115989066346027
4.191,-0.000572166588948534
4.192,0.000169919993251859
4.193,0.000961371653119138
4.194,0.00168188573645095
4.195,0.00222319910556064
4.196,0.00251557324896723
4.197,0.00254607603980979
4.198,0.00236306000266588
4.199,0.00206480429112778
4.2,0.00177472027477173
4.201,0.00160951098716521
4.202,0.00164896367516998
4.203,0.00191584347570036
4.204,0.00237159364535859
4.205,0.00292898872508336
4.206,0.00347788839074794
4.207,0.00391634717503398
4.208,0.00417778905814039
4.209,0.00424627778376659
4.21,0.00415571604895636
4.211,0.00397389667176051
4.212,0.00377708215129672
4.213,0.00362367536509995
4.214,0.00353563187189056
4.215,0.00349353431177514
4.216,0.00344660891872489
4.217,0.00333395106705419
4.218,0.00310950048174389
4.219,0.00276209534915174
4.22,0.00232362494169331
4.221,0.00186231069194509
4.222,0.00146312427209509
4.223,0.00120163447053662
4.224,0.00111974740177295
4.225,0.00121117263920469
4.226,0.00142126178068129
4.227,0.00166122240355834
4.228,0.00183216830879003
4.229,0.00185151383345689
4.23,0.00167377298198887
4.231,0.00129993670515884
4.232,0.000773472242277454
4.233,0.000165260740171772
4.234,-0.000446966472304394
4.235,-0.000997929699021927
4.236,-0.00144718371402422
4.237,-0.00178180464199252
4.238,-0.00201014451656838
4.239,-0.0021503448857324
4.24,-0.00221863896032651
4.241,-0.00222187161402197
4.242,-0.00215649931046854
4.243,-0.00201351721557786
4.244,-0.00178640221006805
4.245,-0.00147813005554697
4.246,-0.00110394767622159
4.247,-0.000688535631410729
4.248,-0.000258657762854257
4.249,0.000165631434218873
4.25,0.000577448851041185
4.251,0.000984283784773228
4.252,0.00140306182768622
4.253,0.00185065773455312
4.254,0.00233335111363775
4.255,0.00283932096588729
4.256,0.00333731821809172
4.257,0.00378247911239961
4.258,0.00412764997120281
4.259,0.00433654866775193
4.26,0.00439435080823461
4.261,0.0043121332330442
4.262,0.00412372167066564
4.263,0.00387609520703006
4.264,0.00361664774739524
4.265,0.00338152912665082
4.266,0.00318868488647003
4.267,0.00303735295188795
4.268,0.00291338556823956
4.269,0.00279775099083036
4.27,0.00267466897771971
4.271,0.0025363407960921
4.272,0.00238289478424925
4.273,0.00221828902129059
4.274,0.0020446345312365
4.275,0.001858037531039
4.276,0.00164835782658014
4.277,0.001403528041508
4.278,0.00111698405122581
4.279,0.000795176634699898
4.28,0.000461734710375058
4.281,0.000155844103843161
4.282,-7.55406037908025e-05
4.283,-0.000189679778807307
4.284,-0.000160502973651958
4.285,1.26485172868787e-05
4.286,0.000303113279292049
4.287,0.000662730268354268
4.288,0.00103368255061969
4.289,0.00136263353589039
4.29,0.00161271860047093
4.291,0.00176982422232148
4.292,0.00184170089047294
4.293,0.00185101873454481
4.294,0.00182552411100966
4.295,0.00178922960557202
4.296,0.001757800038466
4.297,0.001739312734163
4.298,0.00173917630615822
4.299,0.00176615934399366
4.3,0.00183596690990985
4.301,0.00196985080257376
4.302,0.00218796576198947
4.303,0.0024997110972238
4.304,0.00289508366977714
4.305,0.00334131203256397
4.306,0.00378750925025078
4.307,0.00417723029963383
4.308,0.00446565797877554
4.309,0.0046358739983867
4.31,0.00470825220453528
4.311,0.00473876374498721
4.312,0.00480544745687677
4.313,0.00498634884147079
4.314,0.00533545645631374
4.315,0.00586436372238724
4.316,0.00653600756881371
4.317,0.00727321225909944
4.318,0.00798002675964067
4.319,0.00856955253063932
4.32,0.00898958738763471
4.321,0.00923782642099188
4.322,0.00936150963869119
4.323,0.00944131207989287
4.324,0.00956435076255133
4.325,0.00979476627458908
4.326,0.0101512338617177
4.327,0.0105986558712908
4.328,0.0110568543290501
4.329,0.0114237484663375
4.33,0.0116059792444262
4.331,0.0115476612689154
4.332,0.0112485875488681
4.333,0.0107665191612226
4.334,0.0102030562145178
4.335,0.00967745006740743
4.336,0.00929608496812566
4.337,0.00912627493191108
4.338,0.00918134916927148
4.339,0.00942040808330065
4.34,0.00976183592438195
4.341,0.0101059865533514
4.342,0.0103604320889281
4.343,0.0104611913096484
4.344,0.0103851746883888
4.345,0.0101519252972546
4.346,0.00981563175228157
4.347,0.00945051571096456
4.348,0.00913361538837244
4.349,0.00892872545771895
4.35,0.00887420370283149
4.351,0.00897605447181049
4.352,0.00920659988481975
4.353,0.00950835890170026
4.354,0.00980240872140799
4.355,0.010000271473008
4.356,0.0100180239970355
4.357,0.00979080106891758
4.358,0.00928530877237809
4.359,0.00850770854710202
4.36,0.00750460832932299
4.361,0.00635606408950611
4.362,0.00516130568727005
4.363,0.0040198939829599
4.364,0.00301254805285125
4.365,0.0021863563696464
4.366,0.00154819744987264
4.367,0.00106808181689138
4.368,0.000691369530233288
4.369,0.000356270010179439
4.37,1.15333057143186e-05
4.371,-0.000370681532217111
4.372,-0.000790119606270654
4.373,-0.00122258635820276
4.374,-0.00163077736007695
4.375,-0.00197761137193431
4.376,-0.00223740183908808
4.377,-0.00240135543269148
4.378,-0.00247623665606945
4.379,-0.00247770019609584
4.38,-0.0024217701259416
4.381,-0.00231849536469369
4.382,-0.00217072750089116
4.383,-0.00197866469804928
4.384,-0.00174817458247033
4.385,-0.00149899014679914
4.386,-0.00126846520232863
4.387,-0.00110792725812744
4.388,-0.00107135797060135
4.389,-0.0011992126782041
4.39,-0.00150250989770403
4.391,-0.00195294847201908
4.392,-0.00248338752004073
4.393,-0.00299992459203208
4.394,-0.00340302679432243
4.395,-0.00361199487590168
4.396,-0.00358560054479718
4.397,-0.00333260000223422
4.398,-0.0029087824109248
4.399,-0.00240132857715916
4.4,-0.00190518607907115
4.401,-0.00149860919521227
4.402,-0.00122515268181508
4.403,-0.0010872063270503
4.404,-0.00105235718620504
4.405,-0.00106974369563657
4.406,-0.00109048849732516
4.407,-0.00108525943102297
4.408,-0.00105329927023457
4.409,-0.00102038143764878
4.41,-0.00102698521648545
4.411,-0.00111122350281268
4.412,-0.00129262846754796
4.413,-0.00156234116745787
4.414,-0.00188284212182742
4.415,-0.00219700653891035
4.416,-0.00244316259317782
4.417,-0.00257102736642116
4.418,-0.00255344456083806
4.419,-0.00239062773647339
4.42,-0.00210639648660726
4.421,-0.00173863547296732
4.422,-0.00132793131990523
4.423,-0.000908492040435734
4.424,-0.000504074268898128
4.425,-0.000129345589922955
4.426,0.000205178292402958
4.427,0.000487867585618855
4.428,0.00070359388652938
4.429,0.000836020744999183
4.43,0.000874144001848316
4.431,0.000820527969170131
4.432,0.000697512626005102
4.433,0.000547966534232869
4.434,0.000428890078708291
4.435,0.000398746784333693
4.436,0.000501890084715923
4.437,0.000754926494868727
4.438,0.00113971529383805
4.439,0.00160590886107546
4.44,0.002083030671515
4.441,0.00249901847448562
4.442,0.00279995875882725
4.443,0.00296516346430528
4.444,0.00301301594867557
4.445,0.0029957532075953
4.446,0.00298468496124789
4.447,0.00305021500869516
4.448,0.00324252359569399
4.449,0.00357844219109671
4.45,0.00403804603505924
4.451,0.00457147843326678
4.452,0.00511347616169305
4.453,0.00560093561654215
4.454,0.00598826480625657
4.455,0.00625631381860416
4.456,0.00641294788811228
4.457,0.00648603820013942
4.458,0.00651191470249467
4.459,0.00652346126079291
4.46,0.00654174655646384
4.461,0.00657355639412814
4.462,0.00661499456002081
4.463,0.00665920418307303
4.464,0.00670491698763793
4.465,0.00676236870583521
4.466,0.00685413330672298
4.467,0.00701025474818458
4.468,0.00725907551910049
4.469,0.00761671742559267
4.47,0.00807876719714561
4.471,0.00861717290784784
4.472,0.0091838381201084
4.473,0.00972037421352795
4.474,0.0101715512457297
4.475,0.0104987532727372
4.476,0.0106895733751893
4.477,0.0107606476081078
4.478,0.0107526711187695
4.479,0.0107187546380778
4.48,0.0107092412411253
4.481,0.0107572430093931
4.482,0.0108691194855789
4.483,0.0110228662373953
4.484,0.0111752136499404
4.485,0.0112757260872167
4.486,0.0112840394053968
4.487,0.0111852188576652
4.488,0.0109984534710149
4.489,0.0107759479605654
4.49,0.0105915448765723
4.491,0.0105215994648415
4.492,0.0106230866999617
4.493,0.0109150892724156
4.494,0.0113692682341688
4.495,0.0119127034439176
4.496,0.0124431554423644
4.497,0.0128532587779467
4.498,0.0130574408419343
4.499,0.0130143132800789
4.5,0.012738291933352
4.501,0.0122970528001659
4.502,0.0117953468259955
4.503,0.0113495440561226
4.504,0.0110599087011005
4.505,0.0109882100145335
4.506,0.0111466408905701
4.507,0.0115006232099627
4.508,0.0119839549276263
4.509,0.0125211658980085
4.51,0.0130500043144504
4.511,0.0135372638067651
4.512,0.0139835615124561
4.513,0.0144163911266282
4.514,0.0148745829928366
4.515,0.0153899652801001
4.516,0.0159726842798035
4.517,0.0166051278168398
4.518,0.0172462550291781
4.519,0.017844463654753
4.52,0.0183541885889676
4.521,0.0187502263707446
4.522,0.0190347151164045
4.523,0.0192344189890724
4.524,0.019389496944499
4.525,0.0195380182652368
4.526,0.0197020194532643
4.527,0.019880322257423
4.528,0.0200508434249002
4.529,0.0201816039878522
4.53,0.0202463538435542
4.531,0.0202388684812559
4.532,0.0201802587447769
4.533,0.0201160152849179
4.534,0.0201031848678934
4.535,0.0201917569677582
4.536,0.0204066975553203
4.537,0.0207372063235756
4.538,0.0211375593581473
4.539,0.0215400277124666
4.54,0.0218761380526427
4.541,0.0220994358590618
4.542,0.0222020519860094
4.543,0.0222191401284913
4.544,0.022219127086917
4.545,0.0222824378805636
4.546,0.0224753359273825
4.547,0.022827378993525
4.548,0.0233200468256363
4.549,0.0238905958016022
4.55,0.0244502591895874
4.551,0.0249111638978704
4.552,0.0252133651235474
4.553,0.0253432258974857
4.554,0.0253370847446828
4.555,0.025268894241749
4.556,0.0252257279874636
4.557,0.0252790266445573
4.558,0.0254608709904329
4.559,0.0257529577466855
4.56,0.0260918376975062
4.561,0.0263887050976514
4.562,0.0265573288249084
4.563,0.0265411204771738
4.564,0.0263306755779742
4.565,0.0259662668924232
4.566,0.0255246649081074
4.567,0.0250947007130552
4.568,0.0247495353705942
4.569,0.0245245309760304
4.57,0.024407674211224
4.571,0.0243453632442091
4.572,0.0242614110184243
4.573,0.024082955080074
4.574,0.0237649144685493
4.575,0.023305301288214
4.576,0.022746790236239
4.577,0.0221644123067784
4.578,0.0216436011993975
4.579,0.0212556952719477
4.58,0.0210385224804427
4.581,0.0209877937256679
4.582,0.0210614045822044
4.583,0.0211946225938371
4.584,0.0213208497968417
4.585,0.0213912035047701
4.586,0.02138692227275
4.587,0.0213212225325317
4.588,0.0212307727291453
4.589,0.021160236363606
4.59,0.0211453283379497
4.591,0.0211999658975165
4.592,0.0213114385858091
4.593,0.0214447055978945
4.594,0.0215539241594852
4.595,0.0215970935294741
4.596,0.021548930439583
4.597,0.0214079324160305
4.598,0.0211956688168507
4.599,0.0209489235675386
4.6,0.0207075432671622
4.601,0.0205020329076582
4.602,0.0203447797586472
4.603,0.0202274157362248
4.604,0.0201247655850515
4.605,0.020003770665284
4.606,0.0198343703043059
4.607,0.0195989534564007
4.608,0.0192976924919781
4.609,0.0189485285815802
4.61,0.0185822726663981
4.611,0.0182346689764846
4.612,0.0179379423430548
4.613,0.0177141838696878
4.614,0.0175720717352513
4.615,0.0175072305006857
4.616,0.0175054272926784
4.617,0.0175471319108566
4.618,0.0176118892986047
4.619,0.017681404766545
4.62,0.0177409849842646
4.621,0.0177796946290249
4.622,0.0177900067136533
4.623,0.0177677106482385
4.624,0.0177124426802724
4.625,0.0176286185997521
4.626,0.0175260506816676
4.627,0.0174193584035295
4.628,0.0173255483487628
4.629,0.0172597832561702
4.63,0.0172301664073672
4.631,0.0172330331175329
4.632,0.0172504833626587
4.633,0.0172515486618023
4.634,0.0171974914882807
4.635,0.0170505113202461
4.636,0.0167839394609943
4.637,0.016391236153292
4.638,0.0158910551114479
4.639,0.015326412326907
4.64,0.01475744308566
4.641,0.014248988872954
4.642,0.0138558335588072
4.643,0.0136093278013914
4.644,0.0135090801645521
4.645,0.0135222938645895
4.646,0.0135914277425409
4.647,0.0136486440450859
4.648,0.0136335791471097
4.649,0.0135098932616646
4.65,0.0132761664142473
4.651,0.0129680339271134
4.652,0.0126506761572611
4.653,0.0124033102248313
4.654,0.0122994851482127
4.655,0.0123881534833856
4.656,0.0126803431818961
4.657,0.0131448108916095
4.658,0.0137137156441554
4.659,0.0142967593343965
4.66,0.0148001167922062
4.661,0.0151454029661602
4.662,0.0152841679331886
4.663,0.0152048557087836
4.664,0.0149313466864374
4.665,0.0145144605650716
4.666,0.0140194657620427
4.667,0.0135132689453443
4.668,0.0130544340513574
4.669,0.0126877618691174
4.67,0.0124433814464743
4.671,0.0123387882646753
4.672,0.0123815183380274
4.673,0.0125703916190378
4.674,0.0128943529613873
4.675,0.0133294377256756
4.676,0.0138356960117552
4.677,0.0143564912727466
4.678,0.0148221687228396
4.679,0.0151587533311801
4.68,0.015300519077403
4.681,0.0152036084849803
4.682,0.0148569988847278
4.683,0.014287397986536
4.684,0.013556109143223
4.685,0.0127481319671335
4.686,0.011956064196147
4.687,0.0112629889668702
4.688,0.0107289024206085
4.689,0.0103841868000902
4.69,0.0102314584832747
4.691,0.0102544996974825
4.692,0.0104307685553549
4.693,0.0107429153950141
4.694,0.0111851908464418
4.695,0.01176248683547
4.696,0.0124824055291604
4.697,0.0133433177082934
4.698,0.0143229728492129
4.699,0.0153722847804846
4.7,0.0164173731679455
4.701,0.0173702696370162
4.702,0.0181457708791612
4.703,0.0186797217539062
4.704,0.0189433002095555
4.705,0.0189489294818125
4.706,0.0187459493115073
4.707,0.018407329506597
4.708,0.018011468025053
4.709,0.0176245617557321
4.71,0.0172886842245574
4.711,0.0170186691592903
4.712,0.0168078743462552
4.713,0.0166399219036823
4.714,0.0165016046379538
4.715,0.0163919734036692
4.716,0.0163242359127909
4.717,0.0163199302721798
4.718,0.0163978726764357
4.719,0.0165625130721477
4.72,0.0167967599237252
4.721,0.017062845341121
4.722,0.0173118731469115
4.723,0.0174993437895245
4.724,0.0176013956696088
4.725,0.0176257253363139
4.726,0.0176125394040382
4.727,0.0176240808432374
4.728,0.017725230579361
4.729,0.0179610517684328
4.73,0.0183386928139513
4.731,0.0188201417109606
4.732,0.0193291021022357
4.733,0.0197707209724402
4.734,0.0200585245243658
4.735,0.0201402128239334
4.736,0.0200139251278663
4.737,0.0197293515944546
4.738,0.0193728220605744
4.739,0.0190407302636449
4.74,0.0188096162726131
4.741,0.0187125586816553
4.742,0.0187296901463908
4.743,0.0187961623550463
4.744,0.0188251733699428
4.745,0.0187386086574079
4.746,0.0184951479048976
4.747,0.0181063167838666
4.748,0.0176347892610862
4.749,0.0171750695787233
4.75,0.0168226038685308
4.751,0.0166414136353487
4.752,0.0166411152796364
4.753,0.0167713614679096
4.754,0.0169361741275064
4.755,0.0170241241451401
4.756,0.0169449845942358
4.757,0.0166611192969371
4.758,0.0162032909952923
4.759,0.0156653711482872
4.76,0.015179082057232
4.761,0.0148762596300296
4.762,0.0148501337962508
4.763,0.0151274860624484
4.764,0.0156601486285721
4.765,0.0163382645885965
4.766,0.0170209912424236
4.767,0.0175750577998362
4.768,0.0179094381602358
4.769,0.0179959838249365
4.77,0.017870575643421
4.771,0.0176155942494228
4.772,0.0173302292216907
4.773,0.0170985356461178
4.774,0.016965219221605
4.775,0.016926025043985
4.776,0.016934493403775
4.777,0.0169215049814945
4.778,0.0168202297062649
4.779,0.0165879754952216
4.78,0.0162181963611996
4.781,0.0157397726871871
4.782,0.0152051673966221
4.783,0.0146726121036443
4.784,0.0141889377771333
4.785,0.0137786931617763
4.786,0.0134423325346124
4.787,0.0131626843523583
4.788,0.0129159946497482
4.789,0.0126826063562897
4.79,0.0124531271437125
4.791,0.0122283046724926
4.792,0.0120137341777438
4.793,0.0118127658849587
4.794,0.011621657907049
4.795,0.0114298815888195
4.796,0.0112260183735831
4.797,0.011006922590701
4.798,0.0107859335012232
4.799,0.0105957478046522
4.8,0.0104832883584012
4.801,0.0104969466950962
4.802,0.0106698006992769
4.803,0.0110045438710468
4.804,0.0114659879793751
4.805,0.0119849127803178
4.806,0.0124733570413898
4.807,0.0128474253679174
4.808,0.0130507672381948
4.809,0.0130711785786485
4.81,0.0129446438392995
4.811,0.0127450346538313
4.812,0.0125623290785489
4.813,0.0124760319084577
4.814,0.0125321337886436
4.815,0.0127308434117557
4.816,0.0130288099197146
4.817,0.0133548049843185
4.818,0.0136334670155355
4.819,0.0138092009314934
4.82,0.0138625044473995
4.821,0.0138137500431946
4.822,0.0137137958159534
4.823,0.0136252034780788
4.824,0.0136007957979018
4.825,0.0136668210173204
4.826,0.0138160147715986
4.827,0.0140121542358351
4.828,0.0142036595463337
4.829,0.0143408615649901
4.83,0.01439071831523
4.831,0.0143442192954172
4.832,0.0142148122682457
4.833,0.0140296825048209
4.834,0.0138182656797208
4.835,0.0136030421432827
4.836,0.0133962550621681
4.837,0.013203344275669
4.838,0.0130307802779654
4.839,0.0128939028938654
4.84,0.0128201927725677
4.841,0.0128452484956792
4.842,0.0130019083741898
4.843,0.0133061850569435
4.844,0.0137456360534584
4.845,0.0142755839176405
4.846,0.0148261500631714
4.847,0.0153191797596552
4.848,0.0156902261049121
4.849,0.0159083363978148
4.85,0.0159864781869223
4.851,0.0159781964474673
4.852,0.0159606620482993
4.853,0.0160090892644849
4.854,0.0161708274305446
4.855,0.0164479882726244
4.856,0.0167949214178569
4.857,0.0171319669399113
4.858,0.0173713345189341
4.859,0.0174466310717805
4.86,0.0173360495060888
4.861,0.0170711556086257
4.862,0.0167279853689187
4.863,0.0164031874592721
4.864,0.0161831351751136
4.865,0.0161164590582233
4.866,0.0161993877368875
4.867,0.0163789476496676
4.868,0.016572932926126
4.869,0.0166997370307034
4.87,0.0167076730160326
4.871,0.0165935307430572
4.872,0.0164038140330154
4.873,0.0162181046466259
4.874,0.0161202332763417
4.875,0.016167228821595
4.876,0.0163668636076914
4.877,0.0166717090766286
4.878,0.0169919659214228
4.879,0.0172228941694873
4.88,0.0172776736152368
4.881,0.0171146960000485
4.882,0.0167502416381983
4.883,0.0162525215146466
4.884,0.0157194047790633
4.885,0.0152475971421991
4.886,0.0149037211969635
4.887,0.0147067948962492
4.888,0.0146274117414742
4.889,0.0146030222913769
4.89,0.0145631995194115
4.891,0.0144555625705403
4.892,0.0142632055575336
4.893,0.0140078850253152
4.894,0.0137385717303954
4.895,0.0135103118628386
4.896,0.0133617523989934
4.897,0.0132999715538016
4.898,0.0132983653166751
4.899,0.0133083658728487
4.9,0.0132805372203379
4.901,0.013187011729513
4.902,0.0130365940615721
4.903,0.0128763942078693
4.904,0.012778649105565
4.905,0.0128167381259777
4.906,0.0130383907462092
4.907,0.0134453129527818
4.908,0.0139864928509225
4.909,0.0145679770646156
4.91,0.0150764910494256
4.911,0.0154097653825816
4.912,0.0155043340443001
4.913,0.0153525328227539
4.914,0.0150040268124658
4.915,0.0145521338618514
4.916,0.0141097859481851
4.917,0.0137826913508083
4.918,0.0136473530876872
4.919,0.0137392401328688
4.92,0.0140526095245142
4.921,0.01454967784404
4.922,0.0151743613576381
4.923,0.0158653776628055
4.924,0.0165650391531648
4.925,0.0172227457756695
4.926,0.0177948009594843
4.927,0.0182436411415164
4.928,0.0185393344985282
4.929,0.0186644573221894
4.93,0.0186210321755569
4.931,0.0184362416743111
4.932,0.0181630751632466
4.933,0.0178733101360476
4.934,0.0176429141721196
4.935,0.0175330840155882
4.936,0.0175724654885196
4.937,0.017746598375062
4.938,0.0179989237403891
4.939,0.0182442207907698
4.94,0.018391246781974
4.941,0.018368078271869
4.942,0.0181424148341903
4.943,0.0177304464248847
4.944,0.0171914398065243
4.945,0.0166098044655876
4.946,0.0160704866185445
4.947,0.0156356902008779
4.948,0.0153303707856762
4.949,0.0151408645311138
4.95,0.0150264602324267
4.951,0.0149392806962757
4.952,0.0148450583416748
4.953,0.0147372365123607
4.954,0.0146393455515847
4.955,0.0145948936889949
4.956,0.0146485559108285
4.957,0.0148256317931499
4.958,0.0151174494825246
4.959,0.01547836816862
4.96,0.0158359875941037
4.961,0.0161115293353515
4.962,0.0162437347817668
4.963,0.016208288134032
4.964,0.0160261770977313
4.965,0.0157580543771148
4.966,0.0154862955572026
4.967,0.0152904792634293
4.968,0.0152240916539412
4.969,0.0152997204454351
4.97,0.0154870979217474
4.971,0.0157241166012264
4.972,0.015936828834831
4.973,0.016061808934202
4.974,0.016063902842347
4.975,0.0159443088359487
4.976,0.0157373505877157
4.977,0.0154979876310723
4.978,0.0152848141356721
4.979,0.0151442015853366
4.98,0.0151002005504895
4.981,0.0151523706047151
4.982,0.0152808385609948
4.983,0.0154556366890287
4.984,0.0156464671070309
4.985,0.0158296401206413
4.986,0.0159906323051955
4.987,0.0161227196649052
4.988,0.0162236325972196
4.989,0.0162926052027614
4.99,0.0163294851030294
4.991,0.0163361441116859
4.992,0.0163189834249008
4.993,0.0162905409152368
4.994,0.0162684583581772
4.995,0.0162712645789188
4.996,0.0163120588371238
4.997,0.0163925040198113
4.998,0.0164999199255049
4.999,0.0166094307802144
5,0.0166912993686889
5.001,0.0167214408960232
5.002,0.0166915103493477
5.003,0.0166146082706924
5.004,0.0165238199804575
5.005,0.0164631824278728
5.006,0.0164734549838118
5.007,0.0165772326660448
5.008,0.0167686198526125
5.009,0.017011513305816
5.01,0.0172478217350172
5.011,0.0174135609377931
5.012,0.0174578886368431
5.013,0.0173588387992104
5.014,0.017130326895514
5.015,0.0168177398901091
5.016,0.0164832186352652
5.017,0.0161853003919861
5.018,0.015959665772794
5.019,0.0158075560848235
5.02,0.0156959859398332
5.021,0.0155699508593061
5.022,0.0153727332300428
5.023,0.0150675444673635
5.024,0.014653114086236
5.025,0.0141677058118735
5.026,0.0136798158754892
5.027,0.013268240870469
5.028,0.0129978060207735
5.029,0.0128985999874151
5.03,0.0129555318051985
5.031,0.0131117373456428
5.032,0.0132849005044931
5.033,0.01339139147795
5.034,0.0133706286239901
5.035,0.0132020474612999
5.036,0.0129094922973642
5.037,0.0125519080186731
5.038,0.0122035568252242
5.039,0.0119302067089991
5.04,0.0117688255646798
5.041,0.0117169794180738
5.042,0.0117348827350513
5.043,0.0117589927009047
5.044,0.011722504286638
5.045,0.0115761900963573
5.046,0.0113032647671535
5.047,0.0109241453199439
5.048,0.0104903146395065
5.049,0.0100698440124934
5.05,0.00972943042679518
5.051,0.00951840569415435
5.052,0.00945902592459774
5.053,0.00954497268378487
5.054,0.00974727070818682
5.055,0.0100246695401681
5.056,0.0103345955409798
5.057,0.0106412385022765
5.058,0.0109188875101519
5.059,0.0111506252182288
5.06,0.0113241882411323
5.061,0.01142763519247
5.062,0.011447217927716
5.063,0.0113687098433465
5.064,0.0111818936336966
5.065,0.0108865431124159
5.066,0.0104975338932082
5.067,0.0100469002669229
5.068,0.00958161145913865
5.069,0.0091572009548812
5.07,0.00882866828018268
5.071,0.0086408674012122
5.072,0.00862068293699188
5.073,0.00877271084440776
5.074,0.00907915371718145
5.075,0.00950356622469288
5.076,0.00999726920389533
5.077,0.0105068832222165
5.078,0.0109815275978689
5.079,0.0113786501783801
5.08,0.0116679830269825
5.081,0.0118335639253689
5.082,0.0118740161991774
5.083,0.0118013447035335
5.084,0.0116384736516047
5.085,0.0114157369470597
5.086,0.0111666096912237
5.087,0.0109231390814177
5.088,0.0107117168980469
5.089,0.0105499208378044
5.09,0.0104450462036794
5.091,0.0103946320370419
5.092,0.0103888257794849
5.093,0.0104139666311174
5.094,0.0104564564412939
5.095,0.0105059410890184
5.096,0.0105570682138197
5.097,0.0106095413044429
5.098,0.0106667049532641
5.099,0.010733303542347
5.1,0.0108132314428813
5.101,0.0109079989145464
5.102,0.0110163305306884
5.103,0.0111349148305057
5.104,0.0112599734034778
5.105,0.0113891168360099
5.106,0.0115229374556661
5.107,0.0116659186573747
5.108,0.011826440144743
5.109,0.0120158499365855
5.11,0.0122467147645221
5.111,0.0125304550136623
5.112,0.012874654639565
5.113,0.0132804434560958
5.114,0.0137404740973749
5.115,0.0142381019847181
5.116,0.0147483320909124
5.117,0.015240840008748
5.118,0.0156848909941039
5.119,0.0160553565524985
5.12,0.0163384514972449
5.121,0.0165355219211802
5.122,0.0166634039840292
5.123,0.0167506104435385
5.124,0.0168297601889055
5.125,0.016927932908791
5.126,0.017057587517934
5.127,0.0172109403498698
5.128,0.0173600472498592
5.129,0.0174633464361142
5.13,0.0174774708780966
5.131,0.0173713150773383
5.132,0.0171382601245217
5.133,0.0168025649013993
5.134,0.0164173150233645
5.135,0.0160536644771803
5.136,0.015783742467095
5.137,0.0156617126899813
5.138,0.0157083557632494
5.139,0.0159038399659461
5.14,0.016191182506357
5.141,0.0164898872771956
5.142,0.0167162764083765
5.143,0.0168050279961464
5.144,0.0167260259463472
5.145,0.0164919614607528
5.146,0.0161547942047988
5.147,0.0157923593425206
5.148,0.0154891156547808
5.149,0.0153164560318801
5.15,0.0153177584848704
5.151,0.0155016024168736
5.152,0.0158439484101175
5.153,0.0162974681332333
5.154,0.0168044450293449
5.155,0.0173092399544392
5.156,0.0177672309107778
5.157,0.0181489263017363
5.158,0.0184398727792112
5.159,0.0186382958580501
5.16,0.0187526716578761
5.161,0.0188006259654462
5.162,0.0188091246804551
5.163,0.0188145496234537
5.164,0.0188606167021339
5.165,0.0189925628469017
5.166,0.0192475131123631
5.167,0.0196428964570837
5.168,0.0201664032744584
5.169,0.0207715090402743
5.17,0.0213816172703036
5.171,0.0219035364814906
5.172,0.0222479782784931
5.173,0.0223520623788378
5.174,0.0221974453535417
5.175,0.0218182821576746
5.176,0.0212957791277641
5.177,0.0207399209420507
5.178,0.0202628819147004
5.179,0.019951380730975
5.18,0.0198458443286264
5.181,0.0199324119814859
5.182,0.0201500306061948
5.183,0.0204103228187195
5.184,0.0206240024939957
5.185,0.0207256414845816
5.186,0.0206892211731951
5.187,0.0205299571275821
5.188,0.0202923887917085
5.189,0.0200292157177918
5.19,0.0197783655301887
5.191,0.0195463041256463
5.192,0.0193034653518423
5.193,0.0189935825793076
5.194,0.0185539956745454
5.195,0.0179402378797791
5.196,0.0171466250256592
5.197,0.0162157026995756
5.198,0.0152328922576101
5.199,0.0143073817608433
5.2,0.0135447077148168
5.201,0.0130191516453787
5.202,0.0127541859486888
5.203,0.0127167379708753
5.204,0.012826818669928
5.205,0.0129794467000059
5.206,0.0130722463923167
5.207,0.0130306844806765
5.208,0.0128239957531683
5.209,0.0124679858798614
5.21,0.0120150129643951
5.211,0.0115352036261269
5.212,0.0110952064196958
5.213,0.010740924863994
5.214,0.0104888163957772
5.215,0.0103272379497745
5.216,0.0102260589749519
5.217,0.0101504095801346
5.218,0.0100736624400581
5.219,0.0099856569356888
5.22,0.00989428653888494
5.221,0.00982104404433265
5.222,0.00979306478641993
5.223,0.00983500231389161
5.224,0.00996355651584028
5.225,0.0101859804587389
5.226,0.0105020816392285
5.227,0.0109078354859823
5.228,0.011398264514347
5.229,0.0119678325552581
5.23,0.0126079630094577
5.231,0.0133028222497102
5.232,0.0140255661633091
5.233,0.0147373770675291
5.234,0.0153907370447527
5.235,0.0159368103770157
5.236,0.0163351405958532
5.237,0.0165627582801932
5.238,0.0166197009653832
5.239,0.0165289517792
5.24,0.0163305829986649
5.241,0.0160718205563637
5.242,0.015796127997168
5.243,0.0155347278426512
5.244,0.0153030942736689
5.245,0.0151031579351657
5.246,0.0149298936552262
5.247,0.0147793633108953
5.248,0.014654755372522
5.249,0.0145677247398746
5.25,0.014534153171057
5.251,0.0145656920619959
5.252,0.0146603067373942
5.253,0.0147958090969669
5.254,0.0149296952266825
5.255,0.0150066428220441
5.256,0.0149723803741079
5.257,0.014790198396641
5.258,0.0144549949051676
5.259,0.0139999801812752
5.26,0.0134930431071611
5.261,0.0130227897737504
5.262,0.0126774922799471
5.263,0.0125226041046892
5.264,0.0125832954635562
5.265,0.0128373093157322
5.266,0.0132206125522561
5.267,0.0136446282595752
5.268,0.0140203876043779
5.269,0.0142827918009149
5.27,0.0144080079372108
5.271,0.0144189260398362
5.272,0.0143770386076233
5.273,0.0143630575089706
5.274,0.0144518804205704
5.275,0.0146891749817284
5.276,0.0150763693960043
5.277,0.015568369688644
5.278,0.0160846073859534
5.279,0.0165301664083764
5.28,0.0168208847846363
5.281,0.0169053024759314
5.282,0.0167773992124679
5.283,0.0164768718511066
5.284,0.0160773638826427
5.285,0.0156664682367103
5.286,0.0153234727729832
5.287,0.0151011112186069
5.288,0.0150160098259772
5.289,0.0150496428510371
5.29,0.015158372012282
5.291,0.0152885673878634
5.292,0.0153916636808183
5.293,0.0154345836477141
5.294,0.015402980584468
5.295,0.015297472937081
5.296,0.0151255164194278
5.297,0.0148929425605604
5.298,0.0145990372005556
5.299,0.0142374261509159
5.3,0.0138025719865677
5.301,0.0132992623617311
5.302,0.0127509781361744
5.303,0.012203046498081
5.304,0.0117180666064902
5.305,0.0113637460499399
5.306,0.0111961119930425
5.307,0.0112430679974782
5.308,0.0114937029990234
5.309,0.0118973777375419
5.31,0.0123737821565758
5.311,0.0128317503539264
5.312,0.0131917442023532
5.313,0.0134055451396326
5.314,0.0134673325150375
5.315,0.0134128330039522
5.316,0.0133068351914655
5.317,0.0132229310877818
5.318,0.0132217179708004
5.319,0.0133340908108566
5.32,0.0135545397950609
5.321,0.0138460968946181
5.322,0.0141548245273465
5.323,0.0144287437083122
5.324,0.0146348407894475
5.325,0.0147686670665191
5.326,0.0148537284221773
5.327,0.0149314153128726
5.328,0.0150454188070475
5.329,0.0152263211290963
5.33,0.015481757503547
5.331,0.0157953549410753
5.332,0.0161343680999897
5.333,0.0164627446545806
5.334,0.016754418786551
5.335,0.0170016565087077
5.336,0.0172152555270739
5.337,0.0174166125772071
5.338,0.0176249236268979
5.339,0.0178448472004519
5.34,0.0180600181848992
5.341,0.0182357517369509
5.342,0.0183308095483122
5.343,0.0183144572891445
5.344,0.0181825891342722
5.345,0.017966426268054
5.346,0.0177294511535786
5.347,0.0175521820413125
5.348,0.0175087991839955
5.349,0.017642938985603
5.35,0.0179509161893928
5.351,0.018378731378045
5.352,0.0188349686088229
5.353,0.0192164366710694
5.354,0.019438925601746
5.355,0.019463323091629
5.356,0.0193084052987223
5.357,0.019045659739069
5.358,0.0187772614695542
5.359,0.0186039198792149
5.36,0.0185928459222719
5.361,0.0187563031089833
5.362,0.0190479331235959
5.363,0.0193782972304457
5.364,0.0196447190711992
5.365,0.0197656724910268
5.366,0.019708284439605
5.367,0.0194996388267125
5.368,0.0192178311369071
5.369,0.0189654271859867
5.37,0.0188339062426963
5.371,0.0188708324875364
5.372,0.0190608118684352
5.373,0.0193269376258505
5.374,0.019552810492092
5.375,0.0196185008177755
5.376,0.0194392037588342
5.377,0.0189943400462229
5.378,0.0183377988383386
5.379,0.0175859385512609
5.38,0.0168869248918219
5.381,0.016380742122363
5.382,0.016161938115694
5.383,0.0162560471750354
5.384,0.0166161300185345
5.385,0.0171395149578099
5.386,0.0176987065536673
5.387,0.0181764859927474
5.388,0.0184946176523899
5.389,0.0186283225603646
5.39,0.0186037107255966
5.391,0.0184809167984789
5.392,0.0183299181900434
5.393,0.0182076340776607
5.394,0.0181435583212978
5.395,0.0181375351930524
5.396,0.018168744117021
5.397,0.0182111346368189
5.398,0.0182487119307491
5.399,0.0182847160989575
5.4,0.0183414684907529
5.401,0.0184513713917336
5.402,0.0186428583865394
5.403,0.0189268389685073
5.404,0.0192888214135186
5.405,0.0196896721591672
5.406,0.0200747719993062
5.407,0.0203883548318184
5.408,0.0205881172195825
5.409,0.0206553080550546
5.41,0.0205973079829605
5.411,0.0204424532701496
5.412,0.0202295142493632
5.413,0.0199958601271219
5.414,0.0197684133866316
5.415,0.0195600945907712
5.416,0.0193721915326891
5.417,0.0192008457181169
5.418,0.0190444622698078
5.419,0.0189087793360363
5.42,0.0188075244130122
5.421,0.0187585109714568
5.422,0.01877691255595
5.423,0.0188685705999156
5.424,0.0190261487694715
5.425,0.0192298036269847
5.426,0.0194522784240149
5.427,0.0196666402913381
5.428,0.0198539103142665
5.429,0.020007922476325
5.43,0.0201358176400468
5.431,0.0202541899760042
5.432,0.0203824291197034
5.433,0.0205356793551216
5.434,0.0207197809776997
5.435,0.0209296543861147
5.436,0.0211512389293532
5.437,0.0213658539051235
5.438,0.0215551754882788
5.439,0.0217051256580919
5.44,0.0218077222712316
5.441,0.0218609579274377
5.442,0.0218675885394162
5.443,0.0218339700671319
5.444,0.0217697031346757
5.445,0.0216880509105555
5.446,0.0216063073069886
5.447,0.0215449423289726
5.448,0.0215246814343513
5.449,0.0215616139787508
5.45,0.0216615944056054
5.451,0.0218160595113282
5.452,0.0220014613304737
5.453,0.0221836157027602
5.454,0.022326598236615
5.455,0.0224039480036265
5.456,0.0224085971276515
5.457,0.0223577512338488
5.458,0.0222901485730119
5.459,0.0222554618144159
5.46,0.0222983523652106
5.461,0.0224418876721698
5.462,0.0226758364302897
5.463,0.0229543399260457
5.464,0.0232048078645523
5.465,0.023346380755859
5.466,0.0233130659198875
5.467,0.0230747933133564
5.468,0.022649844700423
5.469,0.0221044143841255
5.47,0.021538793170584
5.471,0.0210636703205288
5.472,0.0207730511940482
5.473,0.0207213333500661
5.474,0.0209108444271901
5.475,0.021293031058488
5.476,0.0217825017206098
5.477,0.022279521685636
5.478,0.0226944230451998
5.479,0.0229673001198044
5.48,0.0230782060094013
5.481,0.0230461405035545
5.482,0.0229183819645033
5.483,0.0227541607031785
5.484,0.0226076578712141
5.485,0.022514742333909
5.486,0.0224861425730956
5.487,0.0225076135633989
5.488,0.0225458357016779
5.489,0.022557759009754
5.49,0.0225009775183521
5.491,0.0223432273095931
5.492,0.0220698078885791
5.493,0.0216882419011619
5.494,0.0212296585254861
5.495,0.0207463464688594
5.496,0.0203050028485804
5.497,0.019975727059285
5.498,0.0198178778575524
5.499,0.0198652919189761
5.5,0.0201145174108977
5.501,0.0205200093502221
5.502,0.0209992119865341
5.503,0.0214481050399238
5.504,0.021764651334665
5.505,0.0218746286138163
5.506,0.0217526630445604
5.507,0.0214317294534673
5.508,0.0209971249837443
5.509,0.0205653367284709
5.51,0.0202530084512409
5.511,0.0201447781624376
5.512,0.0202697725283613
5.513,0.0205944278329551
5.514,0.021034514065604
5.515,0.0214831818877249
5.516,0.0218464845502468
5.517,0.0220749985327813
5.518,0.0221809759724658
5.519,0.0222348291683556
5.52,0.0223413767197376
5.521,0.0226030438923365
5.522,0.0230818378126817
5.523,0.0237727734840485
5.524,0.0245980881476211
5.525,0.0254250315884526
5.526,0.0261023550028613
5.527,0.0265043699984846
5.528,0.0265687254585289
5.529,0.0263158247205123
5.53,0.025843557686692
5.531,0.0252988918293139
5.532,0.0248352658451187
5.533,0.0245692142484664
5.534,0.0245497425039064
5.535,0.0247496615435372
5.536,0.0250808400005005
5.537,0.025427576330898
5.538,0.0256866080131241
5.539,0.0258005078198833
5.54,0.0257738680062588
5.541,0.0256677469266382
5.542,0.025575223161736
5.543,0.0255870596150123
5.544,0.0257593947153714
5.545,0.0260941824139859
5.546,0.0265383568494959
5.547,0.0270011532760931
5.548,0.0273829759876939
5.549,0.02760570344841
5.55,0.0276344351451759
5.551,0.0274841882115093
5.552,0.0272105501673788
5.553,0.0268887635855565
5.554,0.0265892499277608
5.555,0.0263580532267375
5.556,0.0262081346093244
5.557,0.0261229996631527
5.558,0.0260695452745885
5.559,0.0260139797224216
5.56,0.0259342321047403
5.561,0.0258244223725182
5.562,0.0256907156095252
5.563,0.0255416601744064
5.564,0.0253783824116883
5.565,0.025189894568861
5.566,0.0249563571995909
5.567,0.0246594419971303
5.568,0.0242955061830139
5.569,0.0238855659322034
5.57,0.0234768266647648
5.571,0.0231335857256876
5.572,0.0229195327624481
5.573,0.0228771951961709
5.574,0.0230119951361635
5.575,0.0232873043240929
5.576,0.0236332626845613
5.577,0.02396721261321
5.578,0.0242191935600354
5.579,0.0243537243402756
5.58,0.0243800052423602
5.581,0.0243465015089286
5.582,0.0243213352090904
5.583,0.0243650762449835
5.584,0.0245054939901698
5.585,0.0247234593901248
5.586,0.0249555051673066
5.587,0.0251127896536042
5.588,0.0251103779745311
5.589,0.0248969326731472
5.59,0.0244744962473398
5.591,0.0239012597973585
5.592,0.0232759693219178
5.593,0.022708931130069
5.594,0.0222892300735314
5.595,0.0220591249660189
5.596,0.0220041439560542
5.597,0.0220620102330033
5.598,0.0221470647419548
5.599,0.0221815719464834
5.6,0.0221230307976579
5.601,0.0219781343322417
5.602,0.0217987660757476
5.603,0.0216617053199651
5.604,0.0216393320132648
5.605,0.0217716317269193
5.606,0.02204919855107
5.607,0.0224129942518397
5.608,0.0227707813355453
5.609,0.0230244751945616
5.61,0.0230991181463739
5.611,0.0229639322183611
5.612,0.0226389375563706
5.613,0.0221857614378578
5.614,0.021686639823318
5.615,0.0212193427833219
5.616,0.0208366046007615
5.617,0.0205564479331424
5.618,0.0203654896237592
5.619,0.0202325513815854
5.62,0.0201264147139213
5.621,0.0200305575200295
5.622,0.0199494297897722
5.623,0.0199044927800485
5.624,0.0199223909031816
5.625,0.0200206544234235
5.626,0.0201971248635811
5.627,0.0204276171186083
5.628,0.0206728961195407
5.629,0.0208922245288406
5.63,0.0210580304315144
5.631,0.0211657027650475
5.632,0.0212343569614299
5.633,0.0212979176731781
5.634,0.0213896911779062
5.635,0.0215262714507796
5.636,0.0216970983568687
5.637,0.021864049663717
5.638,0.0219717974687244
5.639,0.0219656428920612
5.64,0.0218106578839731
5.641,0.0215052972565903
5.642,0.0210844695524047
5.643,0.0206107259781335
5.644,0.020156415691073
5.645,0.0197828444261105
5.646,0.0195235085723092
5.647,0.0193769916300387
5.648,0.0193116542640741
5.649,0.0192800824122595
5.65,0.0192378845141681
5.651,0.0191600481921761
5.652,0.0190491402602814
5.653,0.0189327277994281
5.654,0.0188513541186971
5.655,0.0188417730775095
5.656,0.0189217224682451
5.657,0.0190817742352783
5.658,0.0192870664634484
5.659,0.0194880491510391
5.66,0.0196361320123059
5.661,0.019698486180564
5.662,0.0196667796338894
5.663,0.0195570613648006
5.664,0.0194013929822759
5.665,0.0192348687457214
5.666,0.0190832324241849
5.667,0.0189558355491759
5.668,0.0188464064954105
5.669,0.0187409153226906
5.67,0.0186289610230517
5.671,0.0185136754286048
5.672,0.0184156813626188
5.673,0.0183689572682903
5.674,0.0184096677444842
5.675,0.0185618980021462
5.676,0.0188256754729916
5.677,0.0191720993143867
5.678,0.0195480001732451
5.679,0.0198891748013816
5.68,0.0201381096664926
5.681,0.0202603712929511
5.682,0.0202541457616016
5.683,0.0201496674480419
5.684,0.01999869742869
5.685,0.0198575899553527
5.686,0.0197696355905122
5.687,0.0197525489839641
5.688,0.0197951358331997
5.689,0.0198639905466131
5.69,0.0199176652623072
5.691,0.0199232883617829
5.692,0.0198699139000895
5.693,0.0197741363031941
5.694,0.019676214643685
5.695,0.0196281452326799
5.696,0.0196777048882656
5.697,0.0198536266920393
5.698,0.0201564680595257
5.699,0.0205576980303486
5.7,0.0210068392898209
5.701,0.0214440859079523
5.702,0.0218144422521112
5.703,0.0220794309233906
5.704,0.0222236341512725
5.705,0.0222552050873215
5.706,0.0222013000785168
5.707,0.0221005480126015
5.708,0.0219949188392263
5.709,0.021922793099949
5.71,0.021914067628365
5.711,0.0219872474556085
5.712,0.0221480311557422
5.713,0.0223889879246174
5.714,0.0226903576778371
5.715,0.0230224179938526
5.716,0.0233499073423246
5.717,0.023638518428423
5.718,0.0238626047912138
5.719,0.0240123448915724
5.72,0.0240981352962474
5.721,0.0241502769889587
5.722,0.0242131319537646
5.723,0.0243345754864994
5.724,0.0245532084500639
5.725,0.0248868143763719
5.726,0.0253255119650203
5.727,0.0258318812137635
5.728,0.0263483569606854
5.729,0.0268100216712552
5.73,0.0271593119513977
5.731,0.0273586286757767
5.732,0.0273975806726607
5.733,0.0272933269937608
5.734,0.0270846003357643
5.735,0.0268217648150829
5.736,0.0265561073308437
5.737,0.0263312655668252
5.738,0.0261784686995897
5.739,0.02611565339938
5.74,0.0261491721971609
5.741,0.02627623713756
5.742,0.0264865947540104
5.743,0.0267629636604282
5.744,0.0270809481586727
5.745,0.0274098759359821
5.746,0.0277159001964415
5.747,0.0279677402392345
5.748,0.0281439964077936
5.749,0.0282397089611413
5.75,0.0282693723064038
5.751,0.0282643184178081
5.752,0.0282641364175626
5.753,0.0283040282751782
5.754,0.0284018715039414
5.755,0.0285494713102068
5.756,0.0287116075533372
5.757,0.0288341585554253
5.758,0.0288595249560325
5.759,0.0287448381637005
5.76,0.0284770490793866
5.761,0.0280795701412035
5.762,0.0276076333330553
5.763,0.0271331798696049
5.764,0.0267237007518345
5.765,0.0264217363310624
5.766,0.0262318519702577
5.767,0.0261196969984769
5.768,0.026023892282369
5.769,0.0258772441896323
5.77,0.0256305888001036
5.771,0.0252715425292046
5.772,0.0248319637751556
5.773,0.0243815332651085
5.774,0.0240093413017227
5.775,0.0237992245260825
5.776,0.0238065331202168
5.777,0.0240434022016663
5.778,0.0244766949128534
5.779,0.0250386081775598
5.78,0.0256459283609626
5.781,0.0262214399164711
5.782,0.0267108061751617
5.783,0.0270903107824091
5.784,0.0273643348365952
5.785,0.0275550440524906
5.786,0.0276891823880853
5.787,0.0277873056804489
5.788,0.0278591963388169
5.789,0.0279062912249815
5.79,0.0279289141914823
5.791,0.0279341311377815
5.792,0.0279398956653906
5.793,0.0279728582204493
5.794,0.0280600696091042
5.795,0.0282176605932638
5.796,0.0284412526667498
5.797,0.0287026261801255
5.798,0.028955049980426
5.799,0.0291464164503305
5.8,0.0292361542405094
5.801,0.0292100488148518
5.802,0.0290873694141199
5.803,0.028917091729136
5.804,0.0287637322338351
5.805,0.0286870583506869
5.806,0.0287223380334663
5.807,0.0288679200522895
5.808,0.0290846662182007
5.809,0.0293078243400259
5.81,0.0294676844684732
5.811,0.0295122884218186
5.812,0.0294246592170634
5.813,0.0292287908824818
5.814,0.0289823943966068
5.815,0.0287588387783684
5.816,0.0286243223894052
5.817,0.028617823230193
5.818,0.0287403075612541
5.819,0.0289564280161257
5.82,0.0292076736907236
5.821,0.0294321398310151
5.822,0.0295840623827585
5.823,0.029646661338131
5.824,0.0296344392419324
5.825,0.0295849011838484
5.826,0.0295433142988095
5.827,0.0295463270665414
5.828,0.0296103000041987
5.829,0.0297281403522712
5.83,0.0298751139584381
5.831,0.030020784032582
5.832,0.0301421121085893
5.833,0.0302325804236379
5.834,0.0303039489611053
5.835,0.0303802236758223
5.836,0.0304864371639961
5.837,0.0306367913075165
5.838,0.0308268778116606
5.839,0.0310330567590371
5.84,0.0312192922140599
5.841,0.0313488913330103
5.842,0.0313967491269399
5.843,0.0313575452149893
5.844,0.0312469037414257
5.845,0.0310951960484101
5.846,0.030936414238043
5.847,0.0307963345135399
5.848,0.0306843614628563
5.849,0.0305919587703759
5.85,0.0304980163534461
5.851,0.0303788636147355
5.852,0.0302189171829419
5.853,0.030017790918337
5.854,0.0297911361488685
5.855,0.0295649505512286
5.856,0.0293656368444021
5.857,0.0292097308532457
5.858,0.0290973302958156
5.859,0.0290118086485427
5.86,0.0289259594715693
5.861,0.028812231360324
5.862,0.028653142317472
5.863,0.028447909867025
5.864,0.0282128167682978
5.865,0.0279752737895153
5.866,0.0277639896291054
5.867,0.0275991563077471
5.868,0.0274865138317991
5.869,0.0274175767700239
5.87,0.0273757966137804
5.871,0.0273459805301747
5.872,0.0273228695748808
5.873,0.0273149924375367
5.874,0.027341722796919
5.875,0.0274242170765631
5.876,0.0275735406611868
5.877,0.0277807546067141
5.878,0.0280133919676911
5.879,0.0282206351541916
5.88,0.0283463306084695
5.881,0.028345901069228
5.882,0.0282014137259727
5.883,0.0279292858644516
5.884,0.0275773867632291
5.885,0.0272118917720796
5.886,0.026897907092404
5.887,0.0266802786694374
5.888,0.0265711999577793
5.889,0.0265490751670566
5.89,0.0265692578197602
5.891,0.0265830794184253
5.892,0.0265584985841549
5.893,0.0264948767293063
5.894,0.0264261953704367
5.895,0.0264109248717921
5.896,0.0265114346126329
5.897,0.0267696859719712
5.898,0.0271876017117985
5.899,0.0277193154541838
5.9,0.0282787962080045
5.901,0.0287613114628783
5.902,0.0290725110438052
5.903,0.0291561670948164
5.904,0.0290117489781057
5.905,0.0286960431040298
5.906,0.0283079807656687
5.907,0.027961103259249
5.908,0.0277519589325469
5.909,0.0277339428254021
5.91,0.0279042843646593
5.911,0.0282076811995847
5.912,0.0285548603770811
5.913,0.0288498166992424
5.914,0.02901706662557
5.915,0.0290206731596505
5.916,0.0288698118766778
5.917,0.0286101923309907
5.918,0.0283051929022401
5.919,0.0280136366543977
5.92,0.0277717945048642
5.921,0.0275853392859214
5.922,0.0274333110795975
5.923,0.0272819745197296
5.924,0.0271031557820655
5.925,0.0268902972526219
5.926,0.0266664377076104
5.927,0.0264812144271727
5.928,0.0263977743968667
5.929,0.0264738979552045
5.93,0.0267435685859172
5.931,0.0272050747800017
5.932,0.0278196019382245
5.933,0.0285208944732587
5.934,0.0292330464625402
5.935,0.0298909306688693
5.936,0.0304569783135522
5.937,0.0309291856057419
5.938,0.0313379478303532
5.939,0.0317327447874214
5.94,0.0321627759385805
5.941,0.0326574595195676
5.942,0.0332127561260875
5.943,0.0337875743524776
5.944,0.0343115878845662
5.945,0.034702497811452
5.946,0.0348880484295047
5.947,0.0348267040608259
5.948,0.0345211901446449
5.949,0.0340209952347684
5.95,0.0334128925865218
5.951,0.032801762871526
5.952,0.0322866147674498
5.953,0.0319380070094362
5.954,0.0317827225649426
5.955,0.031799621962671
5.956,0.0319276167551412
5.957,0.0320834539851767
5.958,0.0321843698353479
5.959,0.0321693852576462
5.96,0.0320134537969084
5.961,0.0317307375885392
5.962,0.0313664255999186
5.963,0.0309798392023954
5.964,0.0306241295958103
5.965,0.0303288868059714
5.966,0.0300911074545642
5.967,0.0298774177931815
5.968,0.0296369464947687
5.969,0.0293208366329417
5.97,0.0289021404775949
5.971,0.0283895006156955
5.972,0.0278297669893003
5.973,0.0272980613036393
5.974,0.0268777742446706
5.975,0.0266363251272605
5.976,0.0266041347594152
5.977,0.026763574212831
5.978,0.0270517865172021
5.979,0.027377071705323
5.98,0.0276442764093878
5.981,0.0277816931478107
5.982,0.0277613264733067
5.983,0.0276062881342076
5.984,0.0273829891387007
5.985,0.0271804922225873
5.986,0.027083383735485
5.987,0.0271465314946439
5.988,0.027379454253366
5.989,0.0277449324932863
5.99,0.0281719341526541
5.991,0.0285783898595874
5.992,0.0288963060876052
5.993,0.0290911372121215
5.994,0.0291694149976669
5.995,0.0291726456253821
5.996,0.0291600781041857
5.997,0.0291865840706809
5.998,0.0292833580847623
5.999,0.0294479782017628
6,0.0296469841469721
6.001,0.0298297109345348
6.002,0.0299481844022796
6.003,0.0299757946684397
6.004,0.0299179312161343
6.005,0.0298106245957127
6.006,0.0297075036712717
6.007,0.0296595656816029
6.008,0.0296949106488995
6.009,0.0298057748037564
6.01,0.0299478184898125
6.011,0.0300524727370884
6.012,0.0300486312694483
6.013,0.0298866357242178
6.014,0.029556498867251
6.015,0.0290940186299865
6.016,0.0285723164660176
6.017,0.0280811126786374
6.018,0.0277001448509841
6.019,0.0274751786158055
6.02,0.0274043623083758
6.021,0.0274394506437815
6.022,0.0275017092064898
6.023,0.0275076358268641
6.024,0.027396501671473
6.025,0.0271511191324161
6.026,0.0268053545134367
6.027,0.0264360228016917
6.028,0.0261416046683004
6.029,0.0260141988534574
6.03,0.0261130514982594
6.031,0.0264473485983285
6.032,0.0269730032528039
6.033,0.0276039043220898
6.034,0.0282338708167547
6.035,0.028762654927536
6.036,0.0291185636764085
6.037,0.029271735327441
6.038,0.0292352310378553
6.039,0.0290548347442886
6.04,0.0287916312502739
6.041,0.0285031435184658
6.042,0.0282286599156633
6.043,0.0279825717202014
6.044,0.0277567576724143
6.045,0.0275302169354809
6.046,0.0272821179587559
6.047,0.0270037312431141
6.048,0.0267054316364399
6.049,0.0264167445609045
6.05,0.0261796450593273
6.051,0.0260373101547592
6.052,0.0260217306965524
6.053,0.0261437495440668
6.054,0.0263882696394419
6.055,0.0267158878120567
6.056,0.027070511198156
6.057,0.0273910492947944
6.058,0.0276243731547948
6.059,0.0277365438456977
6.06,0.0277198060147848
6.061,0.027593852013156
6.062,0.0274011413220586
6.063,0.0271973407851406
6.064,0.0270389869810216
6.065,0.0269710686373488
6.066,0.0270172645001727
6.067,0.0271750249177305
6.068,0.0274166376166192
6.069,0.0276960663214004
6.07,0.0279599830958821
6.071,0.0281603594407134
6.072,0.028265526883521
6.073,0.0282669301609976
6.074,0.0281798490459044
6.075,0.0280379218990403
6.076,0.0278829626596176
6.077,0.0277528588678376
6.078,0.0276708821063492
6.079,0.0276393469270394
6.08,0.0276393083709952
6.081,0.0276362444721511
6.082,0.0275899471900052
6.083,0.0274656679850557
6.084,0.0272432947748289
6.085,0.0269220523073337
6.086,0.0265196791466884
6.087,0.0260667612462989
6.088,0.0255983310215948
6.089,0.0251455145612173
6.09,0.0247297323976494
6.091,0.0243608635986806
6.092,0.0240392821113367
6.093,0.0237603155487317
6.094,0.0235189456792046
6.095,0.0233127158717446
6.096,0.0231417549699973
6.097,0.023006190198702
6.098,0.022902461927227
6.099,0.0228206670488164
6.1,0.0227447721052916
6.101,0.0226564204748742
6.102,0.022541507802391
6.103,0.0223973079973469
6.104,0.022237269963413
6.105,0.0220910072186466
6.106,0.0219984260106308
6.107,0.0219989534189666
6.108,0.0221187513546976
6.109,0.0223599276112717
6.11,0.0226956024087275
6.111,0.0230731935905965
6.112,0.0234258444588811
6.113,0.0236892866697817
6.114,0.0238194725411455
6.115,0.0238057177055745
6.116,0.0236751405841539
6.117,0.0234866165129994
6.118,0.0233155639950652
6.119,0.0232336872375365
6.12,0.0232894162750198
6.121,0.0234946763497644
6.122,0.023821786374935
6.123,0.0242112859243939
6.124,0.0245882514084653
6.125,0.0248821939585075
6.126,0.02504469692268
6.127,0.0250598209729161
6.128,0.0249446743978909
6.129,0.0247406372568999
6.13,0.0244985473842422
6.131,0.0242628202040046
6.132,0.0240594940415384
6.133,0.0238916247440034
6.134,0.0237428686792982
6.135,0.0235873756658688
6.136,0.0234021601135085
6.137,0.0231775414961477
6.138,0.0229221751255533
6.139,0.02266125134039
6.14,0.0224288787305391
6.141,0.0222576351302432
6.142,0.0221691093976375
6.143,0.0221687194673692
6.144,0.0222464159053291
6.145,0.0223826943737604
6.146,0.0225574363558447
6.147,0.0227581474181906
6.148,0.0229844845168552
6.149,0.0232474159657457
6.15,0.0235633938816824
6.151,0.0239457897957198
6.152,0.0243968673201791
6.153,0.02490337117174
6.154,0.0254374742253487
6.155,0.0259628360264365
6.156,0.0264436197376136
6.157,0.0268531970667169
6.158,0.0271793661423006
6.159,0.0274241976347608
6.16,0.02759864967036
6.161,0.0277141104274692
6.162,0.0277742809022931
6.163,0.0277708029928537
6.164,0.0276847248617
6.165,0.0274937139037014
6.166,0.0271826542073347
6.167,0.0267537451863783
6.168,0.0262320591787615
6.169,0.0256638580529996
6.17,0.0251074117038974
6.171,0.0246187828623928
6.172,0.0242370744096622
6.173,0.0239742014037289
6.174,0.0238130527361646
6.175,0.0237152572385725
6.176,0.0236365061906665
6.177,0.023544610458965
6.178,0.023434178714766
6.179,0.0233325275902768
6.18,0.0232940449846098
6.181,0.0233839434150624
6.182,0.0236559678836708
6.183,0.0241309434705899
6.184,0.0247832281134637
6.185,0.0255400214121792
6.186,0.0262946704482575
6.187,0.0269307858732906
6.188,0.0273505165489021
6.189,0.0274988615905227
6.19,0.0273769317218739
6.191,0.02704031191307
6.192,0.0265831136755637
6.193,0.0261125375642962
6.194,0.0257214609823476
6.195,0.0254668937142019
6.196,0.0253600477606276
6.197,0.0253699784547667
6.198,0.0254385350702401
6.199,0.025501083395954
6.2,0.0255061506336158
6.201,0.0254281286920799
6.202,0.0252700066482165
6.203,0.0250567275974092
6.204,0.0248228901070862
6.205,0.0246000750414674
6.206,0.0244086028054035
6.207,0.0242562897759989
6.208,0.0241436856119993
6.209,0.0240725389402752
6.21,0.0240529105432417
6.211,0.0241049434402946
6.212,0.0242535880661785
6.213,0.0245176904546526
6.214,0.0248975661382594
6.215,0.0253663989528373
6.216,0.0258699504062543
6.217,0.0263363357514411
6.218,0.0266939352349495
6.219,0.0268921944755141
6.22,0.0269183972668707
6.221,0.0268042066350283
6.222,0.0266187770269341
6.223,0.0264496162715573
6.224,0.0263766498862067
6.225,0.0264475972795105
6.226,0.0266627868834798
6.227,0.0269747696980581
6.228,0.0273033595850374
6.229,0.0275615754719406
6.23,0.0276841385155293
6.231,0.0276490497672715
6.232,0.0274848282548543
6.233,0.0272606373850276
6.234,0.0270622715024812
6.235,0.026961891968101
6.236,0.0269917913809581
6.237,0.027131432013926
6.238,0.0273127923499404
6.239,0.0274429903888582
6.24,0.0274372239877422
6.241,0.027251274473995
6.242,0.0269024933980324
6.243,0.0264715411131919
6.244,0.026083160067739
6.245,0.0258710324362888
6.246,0.0259370950974917
6.247,0.0263178072492598
6.248,0.0269680502571129
6.249,0.0277681188906057
6.25,0.0285522731618925
6.251,0.0291507675430752
6.252,0.0294332216423139
6.253,0.0293408953639432
6.254,0.0288989280135522
6.255,0.0282057361804405
6.256,0.0274035699604291
6.257,0.0266395703368289
6.258,0.0260289482577349
6.259,0.0256305404010126
6.26,0.0254405879072715
6.261,0.0254046734479661
6.262,0.0254422847519856
6.263,0.0254751513686887
6.264,0.0254502417164025
6.265,0.0253509775020413
6.266,0.0251947398054964
6.267,0.025019480425019
6.268,0.0248656162789281
6.269,0.024760338572607
6.27,0.02470985830815
6.271,0.0247016690021327
6.272,0.0247149605250862
6.273,0.0247342952905868
6.274,0.0247605966938453
6.275,0.0248147006186517
6.276,0.0249316738946122
6.277,0.02514769590298
6.278,0.0254842240138321
6.279,0.0259353798179393
6.28,0.0264635805589224
6.281,0.0270057260698801
6.282,0.0274886790310435
6.283,0.0278495670043377
6.284,0.0280546678712855
6.285,0.0281108952974236
6.286,0.0280660791687552
6.287,0.027997615542464
6.288,0.0279925533303571
6.289,0.028124701726806
6.29,0.0284351410431729
6.291,0.0289214216301055
6.292,0.029538150585181
6.293,0.0302084285473697
6.294,0.0308426841225361
6.295,0.0313596713621406
6.296,0.031704163087556
6.297,0.0318571269455431
6.298,0.0318364366865383
6.299,0.0316887430013346
6.3,0.0314752980258347
6.301,0.0312557803786031
6.302,0.0310742929980832
6.303,0.0309508058175915
6.304,0.0308797243912629
6.305,0.0308354282883956
6.306,0.0307829704865447
6.307,0.0306909912188447
6.308,0.0305434651465873
6.309,0.0303472139994817
6.31,0.0301330968989866
6.311,0.0299502518749504
6.312,0.0298544332490994
6.313,0.029893036760064
6.314,0.0300904721733978
6.315,0.030437821556475
6.316,0.0308900319867482
6.317,0.031372269875075
6.318,0.0317948039194159
6.319,0.0320734101734466
6.32,0.0321504535567841
6.321,0.0320110908138158
6.322,0.0316898100172555
6.323,0.0312647265422607
6.324,0.0308402126469104
6.325,0.0305217205210712
6.326,0.0303891132808924
6.327,0.0304756493783949
6.328,0.0307586002869301
6.329,0.0311645226232297
6.33,0.0315882164649285
6.331,0.0319205051833172
6.332,0.0320773272482988
6.333,0.0320220733899225
6.334,0.0317748725782543
6.335,0.0314061711452126
6.336,0.0310164250576533
6.337,0.0307077222540504
6.338,0.0305554760499444
6.339,0.0305882760827969
6.34,0.0307815551980938
6.341,0.031066649477571
6.342,0.0313523127916353
6.343,0.0315521419919439
6.344,0.031609736626604
6.345,0.0315142182311638
6.346,0.0313016958274466
6.347,0.0310424744674579
6.348,0.0308179986203214
6.349,0.0306944719948967
6.35,0.0307009685608095
6.351,0.0308184460281909
6.352,0.0309828603781807
6.353,0.0311015304650357
6.354,0.0310781889425254
6.355,0.0308398086996767
6.356,0.0303579119065418
6.357,0.0296586769351368
6.358,0.0288192356928385
6.359,0.027951211096058
6.36,0.0271757904070696
6.361,0.0265966438103013
6.362,0.0262773303387773
6.363,0.0262284950200303
6.364,0.0264075798449499
6.365,0.0267306510497588
6.366,0.0270930715827443
6.367,0.0273937929445995
6.368,0.0275574168180531
6.369,0.027548961761552
6.37,0.0273782137800092
6.371,0.0270931402094076
6.372,0.0267644740779509
6.373,0.0264656156739144
6.374,0.0262529840988167
6.375,0.0261516706957978
6.376,0.0261497856711983
6.377,0.0262026200558213
6.378,0.0262452390712986
6.379,0.0262100163187666
6.38,0.0260444518003105
6.381,0.0257246907335124
6.382,0.0252614447025427
6.383,0.0246971497547009
6.384,0.0240955755390704
6.385,0.0235270513857202
6.386,0.0230534507251222
6.387,0.0227168188860166
6.388,0.0225341610042222
6.389,0.0224988878440167
6.39,0.0225874052884113
6.391,0.022767968806321
6.392,0.0230086195551461
6.393,0.0232818194701301
6.394,0.0235649731474513
6.395,0.0238377658810437
6.396,0.0240785107681447
6.397,0.024262017806003
6.398,0.0243607638396203
6.399,0.0243496433508436
6.4,0.0242129032971982
6.401,0.0239506792067714
6.402,0.0235823521505736
6.403,0.0231448672087568
6.404,0.0226858923928973
6.405,0.02225361807471
6.406,0.0218863624011467
6.407,0.0216053955007408
6.408,0.0214133637929532
6.409,0.0212987096370829
6.41,0.0212442519098733
6.411,0.0212364661369996
6.412,0.0212716427714726
6.413,0.0213562254829884
6.414,0.0215008957835296
6.415,0.0217105708102804
6.416,0.0219744267048042
6.417,0.0222605391880511
6.418,0.0225184339965003
6.419,0.022690104209242
6.42,0.0227267917961163
6.421,0.0226062305064885
6.422,0.0223441404582035
6.423,0.0219950433857389
6.424,0.0216406628837546
6.425,0.0213683025894146
6.426,0.0212452662610984
6.427,0.0212972716182653
6.428,0.0214981300818039
6.429,0.0217747818760808
6.43,0.0220270268911047
6.431,0.0221565009586925
6.432,0.0220962250053149
6.433,0.0218315439686432
6.434,0.0214057389958393
6.435,0.0209083090158839
6.436,0.0204493701268362
6.437,0.0201280272851089
6.438,0.020004468725032
6.439,0.020084280105306
6.44,0.0203194840633336
6.441,0.0206254116241411
6.442,0.0209075042008632
6.443,0.0210891850055243
6.444,0.0211319751132885
6.445,0.0210419830560565
6.446,0.0208616972065906
6.447,0.0206509753853909
6.448,0.0204645522763211
6.449,0.0203341388367676
6.45,0.0202610921940393
6.451,0.0202215157252275
6.452,0.0201810281918422
6.453,0.020112983598031
6.454,0.0200128451360343
6.455,0.0199030548011107
6.456,0.019826446601189
6.457,0.0198306378982292
6.458,0.019949282958684
6.459,0.0201873261349757
6.46,0.0205160012575353
6.461,0.0208798075124227
6.462,0.0212133398939211
6.463,0.0214622508022876
6.464,0.0216010738286554
6.465,0.0216417034019852
6.466,0.0216295988468108
6.467,0.0216290755849805
6.468,0.0217028095159972
6.469,0.0218925717576908
6.47,0.0222075827722634
6.471,0.0226240019949525
6.472,0.0230950362806865
6.473,0.0235674458828983
6.474,0.023998190467057
6.475,0.0243652906926481
6.476,0.0246694938246056
6.477,0.0249270261752785
6.478,0.0251571646610589
6.479,0.0253702491949157
6.48,0.0255613782775962
6.481,0.0257125466751921
6.482,0.025802373052308
6.483,0.0258192471835716
6.484,0.0257720264509695
6.485,0.0256930523016781
6.486,0.025631071571141
6.487,0.0256356214313296
6.488,0.0257380741304165
6.489,0.0259364124667881
6.49,0.0261901015680135
6.491,0.0264282533503076
6.492,0.026569684715711
6.493,0.0265490563004404
6.494,0.0263406533472252
6.495,0.0259715603356026
6.496,0.0255190459203034
6.497,0.025091961347919
6.498,0.0248012122873074
6.499,0.0247281074053022
6.5,0.0249003211383107
6.501,0.0252829784350827
6.502,0.0257876901961121
6.503,0.026296779548556
6.504,0.026695278050311
6.505,0.0269010451221323
6.506,0.0268842459530827
6.507,0.0266710391381479
6.508,0.0263314075316886
6.509,0.0259559065982028
6.51,0.0256291480101051
6.511,0.0254081974796293
6.512,0.0253117997137096
6.513,0.0253223783523571
6.514,0.0253985317731961
6.515,0.0254926794776727
6.516,0.0255675276879936
6.517,0.0256062483603189
6.518,0.0256140584450087
6.519,0.0256121122198325
6.52,0.0256270998318117
6.521,0.0256808850560527
6.522,0.0257837628022639
6.523,0.0259329644004986
6.524,0.0261157814411743
6.525,0.0263150365606894
6.526,0.0265141832587792
6.527,0.0267001027937112
6.528,0.0268631992835926
6.529,0.0269959027924385
6.53,0.0270914602366192
6.531,0.0271445778164726
6.532,0.0271542428266706
6.533,0.0271275034344734
6.534,0.0270819033049373
6.535,0.0270442625970109
6.536,0.0270447203606298
6.537,0.0271070020688083
6.538,0.0272379236842357
6.539,0.0274202638016713
6.54,0.0276126888428877
6.541,0.0277583484796347
6.542,0.0278006801138347
6.543,0.0277019656935035
6.544,0.0274584571991476
6.545,0.0271062494813862
6.546,0.0267146354186103
6.547,0.0263677153544775
6.548,0.0261392210461818
6.549,0.0260683555818241
6.55,0.0261448170176241
6.551,0.0263087433298164
6.552,0.026466740973859
6.553,0.0265198859206335
6.554,0.0263953854186011
6.555,0.0260719471688171
6.556,0.0255904894874768
6.557,0.0250462305511328
6.558,0.0245640332004218
6.559,0.0242642472635636
6.56,0.0242293965451375
6.561,0.024481847666606
6.562,0.0249791197839968
6.563,0.0256278899625752
6.564,0.0263118723992581
6.565,0.0269245367301481
6.566,0.0273964421764123
6.567,0.0277091285893591
6.568,0.0278922188815929
6.569,0.0280060048087303
6.57,0.028116399492582
6.571,0.0282712290513698
6.572,0.0284857905839682
6.573,0.0287419055366122
6.574,0.0289997247269836
6.575,0.0292170676464017
6.576,0.0293686449692163
6.577,0.0294578970421437
6.578,0.0295171474087183
6.579,0.0295961838610971
6.58,0.0297436301514688
6.581,0.0299880550672323
6.582,0.0303258097339278
6.583,0.0307201362825239
6.584,0.0311120738060851
6.585,0.0314395463987758
6.586,0.0316581975695109
6.587,0.031756973589663
6.588,0.031763278552051
6.589,0.0317360243373153
6.59,0.0317488326772637
6.591,0.031868680940773
6.592,0.0321364643595084
6.593,0.0325550080488493
6.594,0.0330874694578599
6.595,0.0336658122697888
6.596,0.0342062276923369
6.597,0.0346268805942421
6.598,0.034863473390792
6.599,0.0348795587412045
6.6,0.0346705755648729
6.601,0.0342624052853261
6.602,0.0337062416803931
6.603,0.0330715682882448
6.604,0.0324383261951489
6.605,0.0318884990277683
6.606,0.031496908420398
6.607,0.0313213002415062
6.608,0.0313926960937578
6.609,0.0317080070714538
6.61,0.0322274284113224
6.611,0.032878670494662
6.612,0.0335685437748836
6.613,0.0342001997543952
6.614,0.0346922087950685
6.615,0.0349944905971884
6.616,0.0350965083780372
6.617,0.0350251627284902
6.618,0.034832926142297
6.619,0.0345799284366805
6.62,0.0343158024383723
6.621,0.0340672958730586
6.622,0.0338357539510043
6.623,0.0336051366542524
6.624,0.0333574105399157
6.625,0.0330893093806229
6.626,0.032823673043545
6.627,0.0326102410406175
6.628,0.0325144195499408
6.629,0.0325969443647003
6.63,0.0328909797332295
6.631,0.0333846852442786
6.632,0.0340160073503608
6.633,0.0346827204048702
6.634,0.0352657458253129
6.635,0.0356591995135292
6.636,0.0357980548730804
6.637,0.0356747132600502
6.638,0.0353391011476932
6.639,0.0348821140349791
6.64,0.0344075872573269
6.641,0.0340016933565724
6.642,0.0337094755739097
6.643,0.0335258310544728
6.644,0.0334034427072234
6.645,0.0332745349192417
6.646,0.0330787823820968
6.647,0.0327877555816417
6.648,0.0324175814660208
6.649,0.0320255766434754
6.65,0.0316920793376013
6.651,0.0314937132269728
6.652,0.0314771822687824
6.653,0.0316424810258909
6.654,0.0319412180063546
6.655,0.0322906945969501
6.656,0.0325991719963136
6.657,0.0327941268302488
6.658,0.0328444151449209
6.659,0.032769365144507
6.66,0.0326321376778866
6.661,0.0325197547882335
6.662,0.032516327521257
6.663,0.0326779072052773
6.664,0.0330165185279713
6.665,0.0334977140620283
6.666,0.0340515757158945
6.667,0.0345929672640189
6.668,0.0350443219735644
6.669,0.0353540341213378
6.67,0.0355055138371678
6.671,0.0355153431884735
6.672,0.0354225224667273
6.673,0.0352733427953738
6.674,0.0351072207966554
6.675,0.0349477911757161
6.676,0.0348012127794884
6.677,0.0346609357823148
6.678,0.0345160722385074
6.679,0.0343596744535027
6.68,0.0341938075729269
6.681,0.0340299343929166
6.682,0.0338850984801143
6.683,0.0337759296391159
6.684,0.0337130707929146
6.685,0.0336981182059348
6.686,0.0337238846597708
6.687,0.0337773221148177
6.688,0.0338433934048715
6.689,0.0339079673631536
6.69,0.0339584735329922
6.691,0.0339822729424472
6.692,0.033963937991513
6.693,0.0338833441094512
6.694,0.0337163330040933
6.695,0.0334387343602007
6.696,0.0330330930862931
6.697,0.0324961078446138
6.698,0.0318440934214986
6.699,0.031114056394617
6.7,0.0303591866281955
6.701,0.0296393308951168
6.702,0.0290087267449971
6.703,0.0285043297817648
6.704,0.0281380758021554
6.705,0.027895346444455
6.706,0.0277400891233774
6.707,0.0276250699708228
6.708,0.0275042545317124
6.709,0.0273437896524919
6.71,0.0271286499487851
6.711,0.0268634920188709
6.712,0.0265681203506427
6.713,0.0262695921867759
6.714,0.0259938560624667
6.715,0.0257596815758567
6.716,0.0255765907824911
6.717,0.0254469387098528
6.718,0.0253707638803763
6.719,0.0253510598806215
6.72,0.0253970228428601
6.721,0.0255236218212999
6.722,0.0257472355438495
6.723,0.0260786183905713
6.724,0.0265155830465395
6.725,0.0270381313163384
6.726,0.0276081953674903
6.727,0.028174828155389
6.728,0.0286840020986304
6.729,0.0290906525529
6.73,0.0293697102613583
6.731,0.0295228970848133
6.732,0.0295790384026279
6.733,0.0295873261341692
6.734,0.0296048956564567
6.735,0.0296817246673206
6.736,0.0298467541206083
6.737,0.0300989960588273
6.738,0.0304062270295063
6.739,0.0307119440136849
6.74,0.0309490710915768
6.741,0.0310570289229929
6.742,0.0309977353496815
6.743,0.0307662131072866
6.744,0.0303927632152975
6.745,0.0299358265242749
6.746,0.029467152934656
6.747,0.0290530603337825
6.748,0.0287367828684425
6.749,0.0285267998468773
6.75,0.0283945705465977
6.751,0.0282826227913311
6.752,0.0281211020101989
6.753,0.0278484637135646
6.754,0.027430684055021
6.755,0.0268735810748358
6.756,0.0262245752054984
6.757,0.0255630297819094
6.758,0.0249814370096445
6.759,0.0245622780800895
6.76,0.0243566547187291
6.761,0.0243703879445976
6.762,0.0245613062367819
6.763,0.0248484483674812
6.764,0.0251307281054996
6.765,0.0253101389689878
6.766,0.0253134952370336
6.767,0.0251072810086368
6.768,0.024702203563138
6.769,0.024146905403262
6.77,0.023513151497706
6.771,0.0228768804846059
6.772,0.0223002628382377
6.773,0.021819223206972
6.774,0.0214390538806436
6.775,0.0211383706110469
6.776,0.0208794455564912
6.777,0.0206214908166721
6.778,0.0203330825579259
6.779,0.0200005925644919
6.78,0.0196309158251916
6.781,0.0192484642955872
6.782,0.0188878476768977
6.783,0.0185845306785181
6.784,0.0183659123932758
6.785,0.0182448082768271
6.786,0.0182164729669764
6.787,0.0182593757301383
6.788,0.0183391723242649
6.789,0.018414839037162
6.79,0.0184457582424543
6.791,0.0183985974502097
6.792,0.0182530054353871
6.793,0.0180053820722521
6.794,0.0176702313628308
6.795,0.0172788857432504
6.796,0.0168757078660312
6.797,0.0165122237990979
6.798,0.0162399706198867
6.799,0.0161030757636648
6.8,0.0161316531302202
6.801,0.016336969742083
6.802,0.0167090359334158
6.803,0.0172168861336236
6.804,0.0178114527011978
6.805,0.018430673942765
6.806,0.0190063398333565
6.807,0.0194721158315915
6.808,0.0197721063738865
6.809,0.0198691494777294
6.81,0.0197517689384794
6.811,0.019438449768694
6.812,0.0189778282689295
6.813,0.0184436970158417
6.814,0.0179245295423536
6.815,0.0175084701888666
6.816,0.0172661456614903
6.817,0.017234809640664
6.818,0.0174077674880034
6.819,0.0177324140882637
6.82,0.0181185095455362
6.821,0.0184558326534705
6.822,0.0186377275836674
6.823,0.0185850846564693
6.824,0.0182646675522801
6.825,0.0176967716504376
6.826,0.0169498231423595
6.827,0.0161230470711086
6.828,0.0153217395660775
6.829,0.0146319223521739
6.83,0.0141014754260209
6.831,0.0137330377826544
6.832,0.013490501189404
6.833,0.0133168149404536
6.834,0.0131573371639852
6.835,0.012981227232339
6.836,0.0127939707296859
6.837,0.0126369260591114
6.838,0.0125739296376636
6.839,0.0126691877140189
6.84,0.0129635687729854
6.841,0.0134570413063635
6.842,0.0141031442526058
6.843,0.0148176033412212
6.844,0.0154987165357177
6.845,0.0160533694901172
6.846,0.0164207241906153
6.847,0.016586341487816
6.848,0.0165825207392508
6.849,0.0164749905990081
6.85,0.0163403610853504
6.851,0.0162415781899048
6.852,0.0162091167854412
6.853,0.0162336774657365
6.854,0.0162723858150308
6.855,0.0162661628940489
6.856,0.0161624347099213
6.857,0.0159357712029696
6.858,0.0155998446068351
6.859,0.0152069551108818
6.86,0.014835325841834
6.861,0.0145681421608229
6.862,0.0144707308349217
6.863,0.0145726464599003
6.864,0.0148597339998809
6.865,0.0152780936298851
6.866,0.015748327457937
6.867,0.0161855983901231
6.868,0.0165196909192709
6.869,0.0167097193979251
6.87,0.0167500948589036
6.871,0.0166671135300076
6.872,0.0165081743384005
6.873,0.0163273990276749
6.874,0.0161718992875015
6.875,0.0160721362848707
6.876,0.0160381576154481
6.877,0.0160615896010151
6.878,0.0161217093213648
6.879,0.0161931204060126
6.88,0.0162526137777949
6.881,0.0162835342160345
6.882,0.016277045943528
6.883,0.0162307143358637
6.884,0.0161455106104958
6.885,0.0160225805308088
6.886,0.0158609377053439
6.887,0.0156567936445332
6.888,0.0154046951926827
6.889,0.0151001452873299
6.89,0.014743013814296
6.891,0.0143408295155427
6.892,0.0139109891207558
6.893,0.0134810388582619
6.894,0.0130864955199117
6.895,0.0127661799204418
6.896,0.0125556801285057
6.897,0.0124802120892527
6.898,0.0125486028460832
6.899,0.0127501791821932
6.9,0.0130558701380392
6.901,0.013423848013348
6.902,0.0138087518272014
6.903,0.0141723283362728
6.904,0.0144926078221624
6.905,0.0147688282962772
6.906,0.0150203237337273
6.907,0.0152792879899466
6.908,0.0155792344731075
6.909,0.0159424774033593
6.91,0.0163705180718377
6.911,0.0168405536134917
6.912,0.0173095554459878
6.913,0.0177249976314207
6.914,0.0180391042228372
6.915,0.0182221826434026
6.916,0.018270710367759
6.917,0.0182073892601966
6.918,0.0180729294629921
6.919,0.0179120618860332
6.92,0.0177582903213355
6.921,0.0176224716516896
6.922,0.0174892038402183
6.923,0.0173225166961914
6.924,0.0170792867326205
6.925,0.016726146221804
6.926,0.0162543272816699
6.927,0.0156873548331315
6.928,0.0150786673755816
6.929,0.0144994267066902
6.93,0.0140199540674354
6.931,0.0136903664456748
6.932,0.0135263798192816
6.933,0.0135047567011844
6.934,0.0135699724634353
6.935,0.0136502782455338
6.936,0.013678513719544
6.937,0.0136116357838569
6.938,0.0134433711331618
6.939,0.0132064803148833
6.94,0.0129641485621787
6.941,0.0127930489667676
6.942,0.0127627683021909
6.943,0.0129169893478488
6.944,0.0132610104641117
6.945,0.0137582379802473
6.946,0.0143358855754908
6.947,0.0148979772834875
6.948,0.0153424074446783
6.949,0.015578462257021
6.95,0.0155417162808361
6.951,0.0152042210176158
6.952,0.0145789905131395
6.953,0.013718665769619
6.954,0.0127088149395584
6.955,0.011656697642221
6.956,0.0106766724109298
6.957,0.00987388779002903
6.958,0.00932844580384425
6.959,0.00908266112395811
6.96,0.0091340607387775
6.961,0.00943612285919551
6.962,0.00990738074368855
6.963,0.0104476393690738
6.964,0.0109581511208939
6.965,0.0113612727084699
6.966,0.0116148936293279
6.967,0.0117180094632864
6.968,0.0117060229104676
6.969,0.0116371118684636
6.97,0.0115734977032122
6.971,0.0115628966612146
6.972,0.0116253543045038
6.973,0.0117490296836937
6.974,0.011895792219709
6.975,0.0120145528704907
6.976,0.0120579910333379
6.977,0.0119974627340072
6.978,0.01183163801129
6.979,0.0115865380327426
6.98,0.0113074114744948
6.981,0.0110453976043042
6.982,0.0108433741013246
6.983,0.0107253581522447
6.984,0.0106924007860306
6.985,0.010725627726684
6.986,0.0107947372310314
6.987,0.0108686478402782
6.988,0.0109245930190416
6.989,0.0109528400726489
6.99,0.0109559830546258
6.991,0.0109437542069271
6.992,0.0109258080758405
6.993,0.0109054594042088
6.994,0.0108767763832761
6.995,0.0108260185828713
6.996,0.0107367176036638
6.997,0.0105963510302026
6.998,0.0104020235557727
6.999,0.0101629961027649
7,0.00989909506754051
7.001,0.00963552749813184
7.002,0.00939587813442595
7.003,0.00919564011486951
7.004,0.0090383644258186
7.005,0.00891554279708961
7.006,0.0088100434336403
7.007,0.00870176789665317
7.008,0.00857357795123335
7.009,0.00841562699624922
7.01,0.00822693553438845
7.011,0.00801407794463645
7.012,0.00778781438369203
7.013,0.00755907860377491
7.014,0.00733575950530322
7.015,0.00712124111252498
7.016,0.00691491451741083
7.017,0.00671414383273125
7.018,0.00651671430951655
7.019,0.00632274356632801
7.02,0.00613536377493596
7.021,0.0059600198176536
7.022,0.00580275630506101
7.023,0.00566819692875058
7.024,0.00555796121671687
7.025,0.0054700410892534
7.026,0.00539928739470708
7.027,0.00533878309870826
7.028,0.00528162696181161
7.029,0.00522257621231774
7.03,0.00515908518153385
7.031,0.00509146889324857
7.032,0.0050221465517453
7.033,0.00495413060031751
7.034,0.00488910264548701
7.035,0.00482555406081904
7.036,0.00475755453229001
7.037,0.00467471001816137
7.038,0.00456372809404351
7.039,0.00441168109628969
7.04,0.00421055809218637
7.041,0.00396212374229623
7.042,0.00368163742179858
7.043,0.0033988478387501
7.044,0.0031550388941477
7.045,0.00299579796179295
7.046,0.00296045103301755
7.047,0.00307041728629875
7.048,0.00331963426137827
7.049,0.00367029175906805
7.05,0.00405618484655907
7.051,0.00439416203980909
7.052,0.00460183984284903
7.053,0.00461764391993145
7.054,0.00441801833721769
7.055,0.00402681662191309
7.056,0.00351356078409135
7.057,0.00298006780753525
7.058,0.00253814364410831
7.059,0.00228369617316066
7.06,0.00227389090379532
7.061,0.00251341472645227
7.062,0.00295361298598401
7.063,0.00350484699693708
7.064,0.00405886036860623
7.065,0.00451527593414041
7.066,0.00480533781236848
7.067,0.00490692930240533
7.068,0.0048474226828888
7.069,0.00469426933901558
7.07,0.00453642475200003
7.071,0.00446183395135811
7.072,0.00453676245556202
7.073,0.00479173460547515
7.074,0.00521669190628513
7.075,0.00576544515900714
7.076,0.00636732058428248
7.077,0.0069426233410931
7.078,0.00741833134389226
7.079,0.00774109900380046
7.08,0.00788577660226898
7.081,0.00785878421275077
7.082,0.00769650998886756
7.083,0.00745935574583022
7.084,0.00722226247625165
7.085,0.0070627405082013
7.086,0.0070477676863986
7.087,0.00722139329831323
7.088,0.00759528986160166
7.089,0.00814451658078266
7.09,0.00881013607617168
7.091,0.00950900977722187
7.092,0.0101493328027023
7.093,0.0106487591199772
7.094,0.0109509123643749
7.095,0.0110361469099868
7.096,0.0109237511946973
7.097,0.0106650702724721
7.098,0.0103295940230528
7.099,0.00998807819155175
7.1,0.00969753699196728
7.101,0.00949216691359191
7.102,0.00938216426158047
7.103,0.00935969400300795
7.104,0.00940890369786815
7.105,0.00951570117741333
7.106,0.00967345595764459
7.107,0.00988267603548802
7.108,0.0101453366728039
7.109,0.0104568816815237
7.11,0.010800046022718
7.111,0.0111440686728332
7.112,0.0114507345343168
7.113,0.0116857799758236
7.114,0.0118316422222016
7.115,0.0118963822889839
7.116,0.0119144372759394
7.117,0.0119375038368286
7.118,0.0120174510231081
7.119,0.0121864135115578
7.12,0.0124408708613841
7.121,0.0127358326050014
7.122,0.0129922979881898
7.123,0.0131168522569677
7.124,0.0130280504418835
7.125,0.0126816158422641
7.126,0.0120864364254189
7.127,0.0113059959145283
7.128,0.010444399374678
7.129,0.00962104077857035
7.13,0.00894155097339857
7.131,0.00847372862568829
7.132,0.00823533812223152
7.133,0.00819660893074911
7.134,0.00829542148384875
7.135,0.00845921258443279
7.136,0.00862593051606371
7.137,0.00875743543812621
7.138,0.00884207791833564
7.139,0.00888747837770422
7.14,0.00890812895865386
7.141,0.00891399865509438
7.142,0.00890530010440109
7.143,0.0088754423227945
7.144,0.008820251391792
7.145,0.00874842572617728
7.146,0.00868723227570715
7.147,0.0086791335189549
7.148,0.00876879201560209
7.149,0.00898428685060359
7.15,0.00931961300554219
7.151,0.00972618711288356
7.152,0.0101186478625896
7.153,0.0103953933199384
7.154,0.0104687064355288
7.155,0.010295060801323
7.156,0.00989499535778835
7.157,0.0093545013353156
7.158,0.00880553626851113
7.159,0.00839024639915169
7.16,0.00821934173076523
7.161,0.00833769503644918
7.162,0.00870854156345739
7.163,0.0092220330064452
7.164,0.00972613415095241
7.165,0.0100705364666212
7.166,0.010149907413054
7.167,0.00993293534172559
7.168,0.00946827686689429
7.169,0.00886611877701747
7.17,0.00826204770758628
7.171,0.00777555557678224
7.172,0.00747688737587261
7.173,0.00737263474009742
7.174,0.00741370184524417
7.175,0.00752143189227426
7.176,0.00762154224859865
7.177,0.0076732013533996
7.178,0.00768283411955902
7.179,0.00769817042974179
7.18,0.00778545569913871
7.181,0.00799892337139163
7.182,0.00835436219213248
7.183,0.00881694782742262
7.184,0.00930811041202997
7.185,0.00972909566015358
7.186,0.00999267761679633
7.187,0.0100514725975537
7.188,0.00991257695444767
7.189,0.00963331535605841
7.19,0.00929985513030202
7.191,0.00899673215039871
7.192,0.00877861693031716
7.193,0.00865471287413434
7.194,0.00859137168337739
7.195,0.00853161869249965
7.196,0.00842386628528143
7.197,0.00824855156605852
7.198,0.00803210545295242
7.199,0.00784232907844814
7.2,0.00776621981251599
7.201,0.0078779872144708
7.202,0.00820893753003702
7.203,0.00873058642803536
7.204,0.00935783843338486
7.205,0.00997194732193588
7.206,0.0104558139796589
7.207,0.0107295934868835
7.208,0.0107742640266795
7.209,0.0106349131466877
7.21,0.0104025777640654
7.211,0.0101810060036489
7.212,0.0100499940274722
7.213,0.0100380971851963
7.214,0.0101141188380701
7.215,0.0102000714790296
7.216,0.0102006973884568
7.217,0.0100388533515563
7.218,0.00968415465600633
7.219,0.00916487729372717
7.22,0.00855924466105617
7.221,0.0079696295732597
7.222,0.00748920489803023
7.223,0.00717303896700982
7.224,0.00702372756116726
7.225,0.00699614966792228
7.226,0.00701889210629569
7.227,0.00702389910576639
7.228,0.00697313332763557
7.229,0.00687244018951403
7.23,0.00676779797716459
7.231,0.00672581292456992
7.232,0.00680618682134396
7.233,0.00703678104328869
7.234,0.00740078719135326
7.235,0.00784085100916894
7.236,0.00827855746964555
7.237,0.00864189129413216
7.238,0.00889030224401255
7.239,0.00902793293841512
7.24,0.00910004898560224
7.241,0.00917406192351986
7.242,0.00931237453815478
7.243,0.00954741575367596
7.244,0.00986848268833885
7.245,0.010225629667724
7.246,0.0105494477910623
7.247,0.0107795314422164
7.248,0.0108909818221486
7.249,0.0109087574112591
7.25,0.0109039221751501
7.251,0.010972349893916
7.252,0.0112028634851311
7.253,0.0116457855647878
7.254,0.0122929828146909
7.255,0.0130766359151068
7.256,0.0138875184502988
7.257,0.0146068148504018
7.258,0.0151408465626022
7.259,0.0154471480939132
7.26,0.015543441253696
7.261,0.0154970610979053
7.262,0.0153991384902133
7.263,0.0153329533249084
7.264,0.0153475697151532
7.265,0.0154456208328356
7.266,0.0155888061856078
7.267,0.0157182472263871
7.268,0.015781621716412
7.269,0.0157567921194711
7.27,0.0156631708609555
7.271,0.0155566924575704
7.272,0.0155102682320515
7.273,0.0155868148547944
7.274,0.0158145412588517
7.275,0.0161732974128686
7.276,0.0165968358584911
7.277,0.0169902892305157
7.278,0.0172570147698442
7.279,0.0173259802076782
7.28,0.0171710098134349
7.281,0.0168162832270173
7.282,0.0163272708593647
7.283,0.0157910436552553
7.284,0.0152929674837321
7.285,0.0148972324529075
7.286,0.014636522553333
7.287,0.014512374131852
7.288,0.0145038931601085
7.289,0.0145799307659702
7.29,0.0147093958843207
7.291,0.0148660848520779
7.292,0.0150273896900284
7.293,0.0151692193044867
7.294,0.0152612096556324
7.295,0.0152661308528991
7.296,0.0151454324774804
7.297,0.0148699411499178
7.298,0.0144320575371828
7.299,0.0138545128948566
7.3,0.0131914173913826
7.301,0.012519779068334
7.302,0.0119230149031465
7.303,0.011470976354662
7.304,0.0112025416996276
7.305,0.0111162883918769
7.306,0.0111723041835074
7.307,0.0113046702302094
7.308,0.0114407741084336
7.309,0.011521538077027
7.31,0.0115165515571375
7.311,0.0114299458182067
7.312,0.0112959436203308
7.313,0.0111662629431496
7.314,0.0110938666386313
7.315,0.0111182323104282
7.316,0.0112562804191714
7.317,0.0115008506312289
7.318,0.0118260335997558
7.319,0.0121966515396816
7.32,0.0125783419823747
7.321,0.0129451551017962
7.322,0.013282969875444
7.323,0.0135887229840979
7.324,0.0138667711108483
7.325,0.0141242593581217
7.326,0.0143671060503287
7.327,0.0145974352775952
7.328,0.0148124566488846
7.329,0.0150043092397542
7.33,0.0151604155972836
7.331,0.0152642976878786
7.332,0.0152972470025955
7.333,0.0152413509991785
7.334,0.0150839693372463
7.335,0.0148229303310952
7.336,0.0144708546199005
7.337,0.0140565938483446
7.338,0.0136221633357576
7.339,0.0132147981452149
7.34,0.0128755279028452
7.341,0.0126273044146048
7.342,0.0124665232970773
7.343,0.0123612831227376
7.344,0.0122579088273924
7.345,0.0120946379146448
7.346,0.0118188136893522
7.347,0.0114024029548023
7.348,0.0108508138538916
7.349,0.0102019159308392
7.35,0.00951529110251728
7.351,0.0088550208133944
7.352,0.00827157280434993
7.353,0.0077887347966616
7.354,0.00739984434508051
7.355,0.00707433228160348
7.356,0.0067719630339155
7.357,0.00645943414724188
7.358,0.00612320479091578
7.359,0.00577388475216757
7.36,0.00544072478561195
7.361,0.00515853282195205
7.362,0.00495228072703047
7.363,0.00482562875073029
7.364,0.00475816550579319
7.365,0.004712824371238
7.366,0.00465091830055379
7.367,0.00454905936082045
7.368,0.00441115253486142
7.369,0.00427017615102938
7.37,0.00417811419569831
7.371,0.00418689249075651
7.372,0.00432682808781621
7.373,0.00459051148157184
7.374,0.00492857196379756
7.375,0.00525984371867835
7.376,0.00549339890281253
7.377,0.00555554883050603
7.378,0.00541284801670163
7.379,0.00508318971818453
7.38,0.00463096443397673
7.381,0.00414764078381485
7.382,0.00372412642516689
7.383,0.00342408912248786
7.384,0.00326703926207313
7.385,0.00322651343240546
7.386,0.00324338609665206
7.387,0.00324907954281741
7.388,0.0031901316973491
7.389,0.00304539977616329
7.39,0.00283016292522756
7.391,0.00258641309155503
7.392,0.00236381176966336
7.393,0.00219920260590733
7.394,0.00210292887320554
7.395,0.00205737604332495
7.396,0.00202821182472504
7.397,0.00198361291798153
7.398,0.00191335011279804
7.399,0.00183931653734212
7.4,0.00181213075986739
7.401,0.00189376574300538
7.402,0.00213178961725456
7.403,0.00253461333785416
7.404,0.00305759259363159
7.405,0.00360659389139497
7.406,0.00405973098928205
7.407,0.00430145048165755
7.408,0.00425833773701548
7.409,0.00392472642061846
7.41,0.00336901829587387
7.411,0.00271769802201774
7.412,0.00212133137735881
7.413,0.00171286481264029
7.414,0.00157120645504017
7.415,0.00170141928345066
7.416,0.00203743981228211
7.417,0.00246589579847985
7.418,0.00286283537015369
7.419,0.00313127792017567
7.42,0.0032277195378227
7.421,0.00316989330059088
7.422,0.00302465804162969
7.423,0.00288153340907286
7.424,0.00282182162941571
7.425,0.00289401555049813
7.426,0.00310318711804471
7.427,0.00341652051304943
7.428,0.00378119972440042
7.429,0.00414665964871946
7.43,0.00448222578519558
7.431,0.00478363064460426
7.432,0.00506674710346537
7.433,0.00535219268870813
7.434,0.00564817131851212
7.435,0.00593960705364393
7.436,0.00618903371972369
7.437,0.00634983976115462
7.438,0.0063872129876062
7.439,0.00629853881372015
7.44,0.0061245285823237
7.441,0.00594528598737913
7.442,0.00586087104849989
7.443,0.00596176872150277
7.444,0.00629885015786329
7.445,0.00686331889812316
7.446,0.00758430410151596
7.447,0.00834607989278935
7.448,0.00902028011745414
7.449,0.00950323832799564
7.45,0.00974656992597731
7.451,0.0097710818827077
7.452,0.00965942477248299
7.453,0.00952980573573662
7.454,0.00949922611056651
7.455,0.00964802169997244
7.456,0.00999686966709268
7.457,0.0105031317333911
7.458,0.0110769232700877
7.459,0.0116108459737594
7.46,0.0120130641234991
7.461,0.0122327209617767
7.462,0.012269721825772
7.463,0.0121665321436833
7.464,0.0119858784261358
7.465,0.0117829661497413
7.466,0.0115824746510536
7.467,0.0113686727626166
7.468,0.0110922524526017
7.469,0.0106915681429846
7.47,0.0101209115487637
7.471,0.00937592523385037
7.472,0.00850705945767307
7.473,0.00761578679314346
7.474,0.00683381533721143
7.475,0.00629097561145827
7.476,0.00608107679521839
7.477,0.00623574545742934
7.478,0.0067139319306518
7.479,0.0074101965913908
7.48,0.00817951536704566
7.481,0.00887178085194853
7.482,0.00936670313912766
7.483,0.00960002800702863
7.484,0.00957467784166309
7.485,0.00935469128647017
7.486,0.00904443094933009
7.487,0.00875919826512376
7.488,0.00859524406128695
7.489,0.00860684626906888
7.49,0.00879587785169444
7.491,0.00911580445338227
7.492,0.00948827248329887
7.493,0.00982731387144664
7.494,0.0100644304835376
7.495,0.0101678011875185
7.496,0.0101505370461912
7.497,0.0100658654390635
7.498,0.0099906284286905
7.499,0.0100016675204529
7.5,0.0101517134630464
7.501,0.0104517232358488
7.502,0.0108650291085417
7.503,0.0113155017530574
7.504,0.0117079595277298
7.505,0.0119553578535934
7.506,0.0120049679782325
7.507,0.0118556032106436
7.508,0.0115601917306635
7.509,0.0112121322864253
7.51,0.0109187696550011
7.511,0.0107695156018959
7.512,0.0108082421145803
7.513,0.0110187665672503
7.514,0.0113285878235685
7.515,0.0116305053921193
7.516,0.0118160304317095
7.517,0.0118104282823211
7.518,0.0115982449342862
7.519,0.0112307620361973
7.52,0.0108123356320824
7.521,0.0104693323726557
7.522,0.0103112058303232
7.523,0.0103961755834003
7.524,0.0107128811753531
7.525,0.0111844747355231
7.526,0.011694374726065
7.527,0.0121256621715372
7.528,0.01240128800971
7.529,0.0125115800348406
7.53,0.0125193644083269
7.531,0.0125402176845141
7.532,0.0127036327490926
7.533,0.0131074746236255
7.534,0.0137807589935184
7.535,0.0146675056785893
7.536,0.0156378305945421
7.537,0.0165236325910477
7.538,0.0171680851835198
7.539,0.0174733745844273
7.54,0.0174313737012709
7.541,0.0171272011034297
7.542,0.0167142131432707
7.543,0.0163681201897583
7.544,0.0162346074540584
7.545,0.0163868786235585
7.546,0.0168062620620131
7.547,0.0173915171231314
7.548,0.017993234694584
7.549,0.0184617816978133
7.55,0.0186931760894081
7.551,0.0186583655915098
7.552,0.0184071678046778
7.553,0.0180466132844311
7.554,0.0177017635663992
7.555,0.0174725130651849
7.556,0.0174007134684775
7.557,0.0174580442529944
7.558,0.0175578396736346
7.559,0.0175860744302642
7.56,0.0174405967318588
7.561,0.0170654434113004
7.562,0.0164692772054182
7.563,0.0157227290572514
7.564,0.0149366288818408
7.565,0.0142292782238973
7.566,0.0136940235283124
7.567,0.013377527843692
7.568,0.0132748080434759
7.569,0.0133409720223984
7.57,0.0135138716390902
7.571,0.013738554355376
7.572,0.0139844987220598
7.573,0.0142499498013075
7.574,0.0145528875899348
7.575,0.0149133003308406
7.576,0.015334627606645
7.577,0.0157923764830672
7.578,0.0162350224103421
7.579,0.0165975058045647
7.58,0.0168227160689286
7.581,0.0168831240533789
7.582,0.0167943581534511
7.583,0.0166151546604838
7.584,0.0164328110890685
7.585,0.0163383644930894
7.586,0.0163994056048628
7.587,0.0166394262420576
7.588,0.0170305345715259
7.589,0.0175019740108126
7.59,0.0179616610661579
7.591,0.0183236973375104
7.592,0.0185329448911484
7.593,0.018578881898721
7.594,0.0184946520257677
7.595,0.0183422002975411
7.596,0.0181889555906407
7.597,0.0180841546136884
7.598,0.0180427666560633
7.599,0.0180421847126393
7.6,0.0180323983657006
7.601,0.0179557895221513
7.602,0.0177695298045868
7.603,0.017462833041507
7.604,0.0170632120878115
7.605,0.0166297097222559
7.606,0.0162354965126757
7.607,0.0159457627326819
7.608,0.0157983157474911
7.609,0.015793275673645
7.61,0.0158951283955556
7.611,0.0160462271475606
7.612,0.0161870336836478
7.613,0.0162762117735411
7.614,0.0163038268301046
7.615,0.0162932884895716
7.616,0.0162914846912041
7.617,0.0163505244739445
7.618,0.0165073228421524
7.619,0.0167680034044924
7.62,0.0171025245511389
7.621,0.0174515682230389
7.622,0.017743665255371
7.623,0.0179170931898217
7.624,0.0179393975528369
7.625,0.0178180218553046
7.626,0.0175983078419476
7.627,0.0173491777510228
7.628,0.017140846342106
7.629,0.0170216290591759
7.63,0.017001409564957
7.631,0.0170473927708639
7.632,0.017093958317358
7.633,0.0170639150795386
7.634,0.0168946650003784
7.635,0.016560949700612
7.636,0.0160866253424994
7.637,0.0155411313990316
7.638,0.0150210458606998
7.639,0.0146219016319196
7.64,0.0144087575091919
7.641,0.0143947643494751
7.642,0.0145348114715167
7.643,0.0147368578611069
7.644,0.0148880839081311
7.645,0.014888240438415
7.646,0.0146800559817373
7.647,0.0142671650203182
7.648,0.0137136530084671
7.649,0.0131249246328631
7.65,0.0126154719674156
7.651,0.0122733925520539
7.652,0.012132778512677
7.653,0.0121628763110444
7.654,0.0122778128544658
7.655,0.0123642456244307
7.656,0.0123185383488496
7.657,0.0120818393668223
7.658,0.0116618324924156
7.659,0.0111338936054994
7.66,0.0106207320926348
7.661,0.010256352570038
7.662,0.0101452021139075
7.663,0.0103290533074804
7.664,0.0107719413375426
7.665,0.0113679936249124
7.666,0.0119699712585895
7.667,0.0124299886120257
7.668,0.0126401885895868
7.669,0.0125612742627396
7.67,0.0122306650962045
7.671,0.0117484005692535
7.672,0.0112457227452058
7.673,0.010846384798857
7.674,0.0106325850770762
7.675,0.010625519767214
7.676,0.0107855974189915
7.677,0.011031033979057
7.678,0.0112679044195674
7.679,0.0114215334364605
7.68,0.0114592754108839
7.681,0.0113980531986312
7.682,0.0112952752460181
7.683,0.011227139049849
7.684,0.0112621061329576
7.685,0.0114383659509061
7.686,0.0117522210746589
7.687,0.0121603206270563
7.688,0.0125939929218282
7.689,0.0129801635527647
7.69,0.0132616686211025
7.691,0.0134105852579048
7.692,0.0134310423903396
7.693,0.0133517350981428
7.694,0.0132117115895132
7.695,0.0130448455203026
7.696,0.0128682629837734
7.697,0.0126781005517778
7.698,0.0124531469034694
7.699,0.0121642296863083
7.7,0.0117855634161168
7.701,0.0113041230562663
7.702,0.0107243207851825
7.703,0.0100672338449815
7.704,0.00936554837077227
7.705,0.00865655702576517
7.706,0.00797565708809328
7.707,0.00735197634335339
7.708,0.00680649704202746
7.709,0.00635196177578095
7.71,0.00599338878288619
7.711,0.00572832080033448
7.712,0.00554673445233808
7.713,0.00543135982728526
7.714,0.0053595095660612
7.715,0.00530712974732651
7.716,0.00525476147224148
7.717,0.00519388094229458
7.718,0.00513126387186281
7.719,0.00508909030968338
7.72,0.00509962235639287
7.721,0.00519515867904076
7.722,0.00539593561524605
7.723,0.0056999132898634
7.724,0.0060783467549101
7.725,0.00647953462534711
7.726,0.00684055472952974
7.727,0.00710398437314227
7.728,0.00723457380582947
7.729,0.00723040150086939
7.73,0.00712447225410922
7.731,0.00697564550143287
7.732,0.00685126226981667
7.733,0.00680668815636465
7.734,0.0068681913661356
7.735,0.00702465737632432
7.736,0.00723086372989778
7.737,0.00742131555786728
7.738,0.00753023513940278
7.739,0.00751136932967682
7.74,0.00735147718050523
7.741,0.00707359160206174
7.742,0.00672960810727784
7.743,0.00638521658222225
7.744,0.00610245929440091
7.745,0.00592552744099161
7.746,0.00587377553484558
7.747,0.00594302735468796
7.748,0.0061132023512621
7.749,0.00635825175508982
7.75,0.00665408221918613
7.751,0.00698159438422811
7.752,0.00732451374766215
7.753,0.00766425262971704
7.754,0.00797552934648801
7.755,0.0082262355983144
7.756,0.00838314143699993
7.757,0.00842221266817839
7.758,0.00833975661625152
7.759,0.00815943587575907
7.76,0.00793102530719775
7.761,0.00771948788883114
7.762,0.00758659977893238
7.763,0.00757060238343676
7.764,0.00767088852791666
7.765,0.00784378946845216
7.766,0.00801224870847552
7.767,0.00808756251394488
7.768,0.00799700993564816
7.769,0.00770867054520783
7.77,0.00724505034757675
7.771,0.00668035609232495
7.772,0.00612140239197178
7.773,0.00567751520573031
7.774,0.00542857768748071
7.775,0.00540121727713448
7.776,0.00556070146009852
7.777,0.00582115987104975
7.778,0.00607091891707857
7.779,0.00620496934916814
7.78,0.0061544726016142
7.781,0.00590442289527464
7.782,0.00549465382128654
7.783,0.00500487695239517
7.784,0.00452947497958357
7.785,0.00415066078788886
7.786,0.00391846715883932
7.787,0.00384304586056166
7.788,0.0039001138634929
7.789,0.0040458103095342
7.79,0.00423434678604241
7.791,0.00443159030646078
7.792,0.00462005243188735
7.793,0.00479465418218633
7.794,0.00495252845834971
7.795,0.00508249287899988
7.796,0.00515978232680262
7.797,0.00514923293501141
7.798,0.00501634095510616
7.799,0.00474200371641929
7.8,0.00433475955114743
7.801,0.00383483203014355
7.802,0.00330714434522667
7.803,0.00282466018674189
7.804,0.00244733306255332
7.805,0.00220405875972688
7.806,0.00208441891256985
7.807,0.00204377652723689
7.808,0.00202053520187871
7.809,0.00195981801419835
7.81,0.00183516897117911
7.811,0.00166019602880652
7.812,0.00148536864935377
7.813,0.00138037016576152
7.814,0.00140767332362025
7.815,0.00159645549269003
7.816,0.00192629551722464
7.817,0.00232707685409116
7.818,0.00269612768407412
7.819,0.00292769052018764
7.82,0.00294539554393175
7.821,0.00272708323842835
7.822,0.0023135991368846
7.823,0.00179833716721359
7.824,0.00130060775920351
7.825,0.000931218405771024
7.826,0.000761179006923013
7.827,0.000803340020054541
7.828,0.00101243835038124
7.829,0.00130295824699836
7.83,0.00157847420169497
7.831,0.00176264351716591
7.832,0.00182186952766191
7.833,0.00177280881179466
7.834,0.00167317605276353
7.835,0.00159985360913074
7.836,0.00162225955414947
7.837,0.00178001088527943
7.838,0.00207191359240507
7.839,0.00245906279748079
7.84,0.00287991874624898
7.841,0.00327136166419602
7.842,0.00358818411253121
7.843,0.0038146371534141
7.844,0.00396492052254631
7.845,0.00407360143410463
7.846,0.00418035693067089
7.847,0.0043149983525802
7.848,0.00448803303196396
7.849,0.00468947880195064
7.85,0.00489534622481412
7.851,0.00507842554798597
7.852,0.00521876264009996
7.853,0.00530983985251504
7.854,0.00535860834297078
7.855,0.00538020353977032
7.856,0.00539030465081141
7.857,0.00539883793596765
7.858,0.00540783319896303
7.859,0.0054141578891385
7.86,0.00541549037097202
7.861,0.00541627475592983
7.862,0.00543023424646904
7.863,0.00547741727225059
7.864,0.00557616879527813
7.865,0.0057328742128207
7.866,0.0059337773028936
7.867,0.00614295005071428
7.868,0.00630855734548842
7.869,0.0063765589258594
7.87,0.00630802198592644
7.871,0.006094422361339
7.872,0.00576544148459091
7.873,0.0053858837670687
7.874,0.00504177551753776
7.875,0.00481928858243451
7.876,0.00478260213337853
7.877,0.00495729017083668
7.878,0.00532411445439166
7.879,0.00582479695687937
7.88,0.00637758779420571
7.881,0.0068975264857045
7.882,0.00731519058833993
7.883,0.00758874585283035
7.884,0.00770680116561946
7.885,0.00768289174356846
7.886,0.00754513784383126
7.887,0.00732579399431124
7.888,0.00705467408081936
7.889,0.00675820092375288
7.89,0.00646304330897176
7.891,0.00620111695711392
7.892,0.00601202988013009
7.893,0.0059401351181503
7.894,0.00602578647641812
7.895,0.00629319362871465
7.896,0.00673928532832791
7.897,0.00732833390749749
7.898,0.00799552015191193
7.899,0.00865962005231571
7.9,0.00924164757465396
7.901,0.00968385059827523
7.902,0.00996290386289611
7.903,0.0100927822405494
7.904,0.0101161369275968
7.905,0.0100868990823651
7.906,0.0100499192396703
7.907,0.0100245912320186
7.908,0.00999815171486913
7.909,0.00993108416087965
7.91,0.00977290247285087
7.911,0.0094829864545576
7.912,0.00904934806787732
7.913,0.00849884970915853
7.914,0.00789524414796032
7.915,0.00732545994560268
7.916,0.00687840588167087
7.917,0.00662289834542096
7.918,0.00659137285558474
7.919,0.00677388869821365
7.92,0.00712341276573347
7.921,0.00756976510153897
7.922,0.00803718465612318
7.923,0.00846000061889025
7.924,0.00879238769665566
7.925,0.00901092431058787
7.926,0.00911150755422545
7.927,0.00910397920156903
7.928,0.00900792166456849
7.929,0.00885155273352123
7.93,0.00867323551914545
7.931,0.0085229610397031
7.932,0.0084603079686506
7.933,0.00854636201645117
7.934,0.00882963719285615
7.935,0.00932921617062673
7.936,0.0100207818532054
7.937,0.0108317608065594
7.938,0.0116498972400478
7.939,0.0123455971391098
7.94,0.0128035568277797
7.941,0.0129552140931226
7.942,0.012801995873208
7.943,0.0124210241817744
7.944,0.011949633079921
7.945,0.0115514142711322
7.946,0.0113725318080975
7.947,0.0115006888791232
7.948,0.0119390357625181
7.949,0.0126033057809645
7.95,0.0133436798859497
7.951,0.0139854017338295
7.952,0.0143763806509393
7.953,0.0144278208560128
7.954,0.0141360552163069
7.955,0.0135795869168164
7.956,0.012892992620698
7.957,0.0122263584651454
7.958,0.0117030641276791
7.959,0.0113887176182383
7.96,0.0112799701521814
7.961,0.0113152344377201
7.962,0.0114022568134743
7.963,0.0114523858382938
7.964,0.0114098514322909
7.965,0.0112667879658252
7.966,0.0110601294334749
7.967,0.0108529263177684
7.968,0.0107078483513151
7.969,0.0106629012433794
7.97,0.010718032726401
7.971,0.0108369476715509
7.972,0.0109627383288596
7.973,0.0110409369162091
7.974,0.0110410750208424
7.975,0.010968622584503
7.976,0.0108629123818301
7.977,0.0107819218919081
7.978,0.0107796492545378
7.979,0.0108845276920842
7.98,0.0110869209722438
7.981,0.011340411520239
7.982,0.011576565709542
7.983,0.0117279681618296
7.984,0.0117513231231276
7.985,0.0116423925560427
7.986,0.011437470117043
7.987,0.0112009088428657
7.988,0.0110031897315948
7.989,0.0108973580928032
7.99,0.0109021792180685
7.991,0.0109979032045797
7.992,0.0111359766630261
7.993,0.0112590323317731
7.994,0.0113238135161811
7.995,0.011318650440869
7.996,0.0112690576476902
7.997,0.0112292601476503
7.998,0.0112624721167693
7.999,0.011416773880677
8,0.0117050541006629
8.001,0.0120961534378104
8.002,0.012520550227309
8.003,0.012889006118362
8.004,0.0131182477158769
8.005,0.013155472894283
8.006,0.0129939699447742
8.007,0.0126751788937441
8.008,0.0122769976721683
8.009,0.0118924806661884
8.01,0.011605840493875
8.011,0.0114730020216684
8.012,0.0115119047473737
8.013,0.0117041643513843
8.014,0.0120059252838862
8.015,0.0123630817891595
8.016,0.0127253415475005
8.017,0.013054919551238
8.018,0.0133283055394646
8.019,0.013532426118104
8.02,0.0136585033339377
8.021,0.0136973028304522
8.022,0.0136382467638732
8.023,0.0134726671913163
8.024,0.0131992934398466
8.025,0.0128288558272833
8.026,0.0123849673126108
8.027,0.0119000894435117
8.028,0.0114076834239479
8.029,0.0109335787495194
8.03,0.0104902716907521
8.031,0.0100769071055453
8.032,0.00968539859350131
8.033,0.009310397869377
8.034,0.00895878525549569
8.035,0.00865396697706312
8.036,0.00843187217553908
8.037,0.00832869276975754
8.038,0.008363980405501
8.039,0.00852530622974849
8.04,0.00876115157186038
8.041,0.0089866011671892
8.042,0.00910227046590309
8.043,0.00902205545180674
8.044,0.00870147440386429
8.045,0.00815707698312095
8.046,0.00746933243272835
8.047,0.00676617296418552
8.048,0.00619052150519926
8.049,0.00586064892218575
8.05,0.00583515518796538
8.051,0.00609360165660727
8.052,0.0065394052795024
8.053,0.00702485447012221
8.054,0.00739117552803907
8.055,0.00751175241656755
8.056,0.00732551756621202
8.057,0.00685060256670464
8.058,0.00617459513615828
8.059,0.00542514686611042
8.06,0.00473077708045469
8.061,0.00418451738679134
8.062,0.00382165105765279
8.063,0.00361775120664746
8.064,0.00350627375039644
8.065,0.00340849835720073
8.066,0.00326481317186791
8.067,0.00305643488772655
8.068,0.0028105064075497
8.069,0.00258768127375368
8.07,0.00245756850420245
8.071,0.00247156385706074
8.072,0.00264321198801104
8.073,0.00294318688474095
8.074,0.00331041792139425
8.075,0.00367487841899852
8.076,0.00398328068922868
8.077,0.00421792220787437
8.078,0.00440153783855493
8.079,0.00458625560751504
8.08,0.00483069821194611
8.081,0.00517373905256558
8.082,0.00561477128110425
8.083,0.00610807775323145
8.084,0.00657381357905096
8.085,0.00692206937755805
8.086,0.00708166866851718
8.087,0.00702352550458779
8.088,0.00677023013929667
8.089,0.00638839561449923
8.09,0.00596644279550868
8.091,0.00558571057228812
8.092,0.00529516489947651
8.093,0.00509866997744046
8.094,0.00495923418051606
8.095,0.00481848200456753
8.096,0.00462405054666036
8.097,0.00435467561933756
8.098,0.00403349500707904
8.099,0.00372430461618565
8.1,0.00351166465935666
8.101,0.00347166299267797
8.102,0.00364367328285664
8.103,0.00401330895756272
8.104,0.00451298694034813
8.105,0.00504039889835488
8.106,0.00548889968466027
8.107,0.00577959038351162
8.108,0.00588420210607863
8.109,0.00583102415613542
8.11,0.00569196895586423
8.111,0.00555537387786159
8.112,0.00549402761601716
8.113,0.0055394752833389
8.114,0.00567137658079137
8.115,0.00582539197140682
8.116,0.00591662966362777
8.117,0.00587035762702702
8.118,0.00564930782645221
8.119,0.00526825339936042
8.12,0.00479108533210043
8.121,0.00431170840298729
8.122,0.0039255636325053
8.123,0.00370157273252677
8.124,0.00366381697456471
8.125,0.00378857992585822
8.126,0.00401688968158941
8.127,0.00427737783257092
8.128,0.00451099191290294
8.129,0.00468893464897461
8.13,0.00481809016095721
8.131,0.00493297941520011
8.132,0.00507816982848674
8.133,0.00528827992558955
8.134,0.00557317041968566
8.135,0.00591354796314802
8.136,0.00626801389551226
8.137,0.00658819912679329
8.138,0.00683569346672807
8.139,0.00699406660477335
8.14,0.00707147505056291
8.141,0.00709325011353842
8.142,0.00708792711897708
8.143,0.00707282108832892
8.144,0.0070454504486052
8.145,0.00698477320008041
8.146,0.00686221988457589
8.147,0.00665841506723861
8.148,0.00637886777728941
8.149,0.00606183643803274
8.15,0.00577414718570826
8.151,0.0055950798994216
8.152,0.00559296510625373
8.153,0.0058021778056686
8.154,0.0062085992442069
8.155,0.00674911817604499
8.156,0.00732617427624772
8.157,0.00783328301207533
8.158,0.00818369888008717
8.159,0.0083332138456294
8.16,0.00828997627060223
8.161,0.00810850937215837
8.162,0.00787032224257916
8.163,0.00765784042509193
8.164,0.00753035772350429
8.165,0.00750968602367591
8.166,0.00757957021661908
8.167,0.00769805102444208
8.168,0.00781753067070793
8.169,0.00790486000693135
8.17,0.00795412219823663
8.171,0.00798773573542137
8.172,0.0080459246460986
8.173,0.00816889293142126
8.174,0.00837866219836697
8.175,0.0086675785722663
8.176,0.00899799317345014
8.177,0.00931350223746851
8.178,0.00955789024907464
8.179,0.0096950657785906
8.18,0.00972281614279948
8.181,0.00967528000474351
8.182,0.00961290371332921
8.183,0.00960295242229665
8.184,0.0096969065630123
8.185,0.00991218936547331
8.186,0.0102242948998915
8.187,0.0105720195014889
8.188,0.0108742942393583
8.189,0.0110534645396328
8.19,0.0110579242513681
8.191,0.0108773391158957
8.192,0.0105460875200011
8.193,0.0101341585181498
8.194,0.00972840341204894
8.195,0.00940963424318697
8.196,0.00923191246567618
8.197,0.00920937858233904
8.198,0.0093136032137226
8.199,0.00948150662445447
8.2,0.00963126636263919
8.201,0.00968196392378722
8.202,0.00957228851742659
8.203,0.00927431139572417
8.204,0.00879979160261073
8.205,0.00819820579669638
8.206,0.00754731211937043
8.207,0.00693831718014383
8.208,0.00645852446415405
8.209,0.00617469669335983
8.21,0.00612026921735364
8.211,0.00628898555843933
8.212,0.00663646866123804
8.213,0.00708974382219481
8.214,0.00756299037718427
8.215,0.00797618611094449
8.216,0.00827229051443317
8.217,0.00842861455881349
8.218,0.00845924375205274
8.219,0.00840765234162203
8.22,0.00833141641858612
8.221,0.00828338568047432
8.222,0.00829497686376998
8.223,0.00836685743988603
8.224,0.00847016354847823
8.225,0.00855809965672685
8.226,0.00858431496363458
8.227,0.00852200214615407
8.228,0.00837712269841192
8.229,0.00819083969962693
8.23,0.00802969278813971
8.231,0.00796619257989358
8.232,0.00805594712948307
8.233,0.00831893250222059
8.234,0.0087314643969116
8.235,0.00923206089467519
8.236,0.00973977092193902
8.237,0.0101792275431153
8.238,0.0105041809960172
8.239,0.0107115141477258
8.24,0.0108407590013609
8.241,0.0109589673765718
8.242,0.0111358243455178
8.243,0.0114173879591376
8.244,0.0118075338334812
8.245,0.0122637566099253
8.246,0.0127091881731292
8.247,0.0130571343331925
8.248,0.0132400144984428
8.249,0.0132328701580141
8.25,0.0130632451789002
8.251,0.0128037427099706
8.252,0.0125494362779351
8.253,0.0123875584895611
8.254,0.0123696894401386
8.255,0.0124960081316255
8.256,0.0127172151703714
8.257,0.0129537790428533
8.258,0.0131262021464079
8.259,0.0131860769563989
8.26,0.0131371747578864
8.261,0.0130389119223149
8.262,0.012990281105916
8.263,0.0130988294057324
8.264,0.0134443586703752
8.265,0.0140490156819888
8.266,0.014863654030347
8.267,0.0157753512306691
8.268,0.016634369991722
8.269,0.0172927867856856
8.27,0.0176434063981047
8.271,0.0176475504429936
8.272,0.0173437983719714
8.273,0.0168355982132339
8.274,0.0162619666396652
8.275,0.0157602959164002
8.276,0.0154321599724262
8.277,0.015321523522321
8.278,0.0154105407134393
8.279,0.0156326342857393
8.28,0.0158975348164923
8.281,0.0161199281143144
8.282,0.0162430808724337
8.283,0.0162511483654358
8.284,0.0161678705072999
8.285,0.016043653853928
8.286,0.0159362743972989
8.287,0.0158917358534455
8.288,0.0159309920541634
8.289,0.0160457850680266
8.29,0.0162037104980191
8.291,0.0163598457532425
8.292,0.0164706686110916
8.293,0.0165058853702967
8.294,0.0164550010921014
8.295,0.0163274367577539
8.296,0.0161470211677403
8.297,0.0159431528340674
8.298,0.0157415096033923
8.299,0.0155568813279936
8.3,0.015389775760825
8.301,0.0152272824791432
8.302,0.0150476255898229
8.303,0.0148271108437678
8.304,0.0145478341268554
8.305,0.0142045067705313
8.306,0.0138089695589293
8.307,0.0133913391883596
8.308,0.0129972361436006
8.309,0.0126811842826329
8.31,0.0124970233234866
8.311,0.0124869330868931
8.312,0.0126712473107016
8.313,0.0130414148410937
8.314,0.0135580799909937
8.315,0.0141552796443169
8.316,0.0147503660905792
8.317,0.0152578107550137
8.318,0.0156039534901687
8.319,0.0157394003438273
8.32,0.0156463045288136
8.321,0.0153390771462074
8.322,0.0148587918416543
8.323,0.0142631501124889
8.324,0.013614867602737
8.325,0.0129714314838956
8.326,0.0123783747770154
8.327,0.011866828223496
8.328,0.0114546485983753
8.329,0.0111493977966447
8.33,0.0109511957473484
8.331,0.0108540298884585
8.332,0.0108452043384899
8.333,0.0109037814039486
8.334,0.0109996164480926
8.335,0.0110945956063213
8.336,0.0111469316195826
8.337,0.0111181405484546
8.338,0.0109810951295836
8.339,0.0107268261590596
8.34,0.0103678383405598
8.341,0.00993663139795581
8.342,0.00947956378924888
8.343,0.00904765260865855
8.344,0.00868684332406197
8.345,0.00843036676908704
8.346,0.00829500415138464
8.347,0.00828170599076368
8.348,0.00837957212240762
8.349,0.00857122729810368
8.35,0.00883746343323968
8.351,0.00915968950536156
8.352,0.00951993093654551
8.353,0.00989934188521593
8.354,0.0102769206334081
8.355,0.010630035930925
8.356,0.0109374984468481
8.357,0.0111845974484243
8.358,0.0113683213973357
8.359,0.0115004305947531
8.36,0.0116064547644605
8.361,0.0117199830642096
8.362,0.0118733663331739
8.363,0.0120875096434557
8.364,0.012364166073159
8.365,0.012683684242028
8.366,0.0130095693522123
8.367,0.0132989755761667
8.368,0.0135161165338589
8.369,0.0136443316582631
8.37,0.0136926826523281
8.371,0.013694516528953
8.372,0.0136979618530217
8.373,0.0137510066027517
8.374,0.0138857367709223
8.375,0.0141068145356113
8.376,0.0143881257614375
8.377,0.0146790574271972
8.378,0.0149188499348816
8.379,0.0150548721547595
8.38,0.0150593260488519
8.381,0.0149392375503171
8.382,0.0147365240602547
8.383,0.0145178397478806
8.384,0.0143568864148576
8.385,0.0143140389584161
8.386,0.0144188536360138
8.387,0.0146601512625486
8.388,0.0149862278598731
8.389,0.0153150240550118
8.39,0.0155515783603963
8.391,0.0156084586061679
8.392,0.0154244510343
8.393,0.0149775478178951
8.394,0.0142898566885447
8.395,0.0134239485063559
8.396,0.012471869615344
8.397,0.0115392455357029
8.398,0.0107274754868934
8.399,0.0101170292466011
8.4,0.00975446580569885
8.401,0.00964514782776052
8.402,0.00975281320445117
8.403,0.0100062097717844
8.404,0.0103119196929874
8.405,0.0105713781378441
8.406,0.0106991136347029
8.407,0.010638676101859
8.408,0.0103728429649943
8.409,0.00992565105434209
8.41,0.00935551107430854
8.411,0.00874077635200426
8.412,0.00816110984979685
8.413,0.00767922640087761
8.414,0.0073276353833706
8.415,0.00710375242339371
8.416,0.00697447174640922
8.417,0.0068886275252437
8.418,0.00679352357593001
8.419,0.00665058726976218
8.42,0.00644558458191956
8.421,0.00619062259331593
8.422,0.00591780509495489
8.423,0.00566704770499777
8.424,0.00547234029163804
8.425,0.00535108375968356
8.426,0.00529992281417196
8.427,0.00529816476598047
8.428,0.00531721868223543
8.429,0.00533242215023789
8.43,0.0053328547702169
8.431,0.00532552898036481
8.432,0.00533241871787062
8.433,0.00538140669948532
8.434,0.00549447823142915
8.435,0.00567756526818088
8.436,0.00591595518717327
8.437,0.00617727501683937
8.438,0.00642139020267256
8.439,0.00661403953989308
8.44,0.00673954579763249
8.441,0.00680803141762814
8.442,0.00685423622594754
8.443,0.00692774868064825
8.444,0.00707733322520972
8.445,0.0073341110586281
8.446,0.00769893262758905
8.447,0.00813815588949508
8.448,0.00858955713241517
8.449,0.0089770318706574
8.45,0.0092300552890439
8.451,0.00930239939511215
8.452,0.00918479052324096
8.453,0.00890795684975794
8.454,0.00853529822643508
8.455,0.0081473530999815
8.456,0.00782246313556188
8.457,0.00761891802961045
8.458,0.00756320169559552
8.459,0.00764702428482831
8.46,0.00783324160514337
8.461,0.00806831685792525
8.462,0.00829736391055641
8.463,0.00847743490515596
8.464,0.00858559991710542
8.465,0.00862016892549494
8.466,0.00859554242323203
8.467,0.00853300696332169
8.468,0.00845080716533628
8.469,0.00835678367624993
8.47,0.00824584157381147
8.471,0.00810285632406106
8.472,0.00790984841933908
8.473,0.00765488990427361
8.474,0.00733964010692924
8.475,0.00698280122386469
8.476,0.00661801907787949
8.477,0.00628647213011309
8.478,0.00602609185507149
8.479,0.00586053292377907
8.48,0.00579129065262401
8.481,0.00579561983606657
8.482,0.0058313113563228
8.483,0.00584736181677825
8.484,0.00579771235789514
8.485,0.00565411338466493
8.486,0.00541418751312841
8.487,0.00510199120135708
8.488,0.0047605249373463
8.489,0.00443811074538057
8.49,0.00417259364586437
8.491,0.00397825592439639
8.492,0.00383978261103941
8.493,0.00371565048033461
8.494,0.00355045777549571
8.495,0.00329282060920869
8.496,0.00291346178098838
8.497,0.0024177127102432
8.498,0.00184807310402344
8.499,0.00127537914535166
8.5,0.000780667044307011
8.501,0.00043287535056349
8.502,0.000269091001355383
8.503,0.00028353074159615
8.504,0.000428933066910892
8.505,0.000630249421110338
8.506,0.000806649843231145
8.507,0.000895156413098878
8.508,0.000868605781393145
8.509,0.000742377037342495
8.51,0.000567889408131442
8.511,0.000415137380063342
8.512,0.00035008890808699
8.513,0.000414428309544338
8.514,0.000614294908247615
8.515,0.0009215938076285
8.516,0.00128714337680116
8.517,0.00166082246976836
8.518,0.00201139362732017
8.519,0.00233868826395832
8.52,0.00267339281925092
8.521,0.00306394940579572
8.522,0.00355465359087543
8.523,0.00416233815866357
8.524,0.00485991512672544
8.525,0.00557314766598739
8.526,0.00619291130073228
8.527,0.00660020541805172
8.528,0.00669693259812439
8.529,0.00643338265729533
8.53,0.00582414317283439
8.531,0.00494756950699825
8.532,0.0039288846380161
8.533,0.00291185027671897
8.534,0.00202720354853553
8.535,0.00136668845752863
8.536,0.000969402299732451
8.537,0.000823093935207719
8.538,0.000878380868462519
8.539,0.00107012199517314
8.54,0.00133854607911426
8.541,0.00164360201862758
8.542,0.00196892425113523
8.543,0.00231568799722924
8.544,0.00269009613474043
8.545,0.00309014042780988
8.546,0.00349706251633474
8.547,0.00387481251626053
8.548,0.00417762396974577
8.549,0.0043627723377938
8.55,0.0044037332099887
8.551,0.00429890303753668
8.552,0.00407272508308306
8.553,0.00376880580819224
8.554,0.0034374008910955
8.555,0.00312151595785865
8.556,0.00284619909821567
8.557,0.00261436042132795
8.558,0.00241014638519647
8.559,0.00220836931783333
8.56,0.00198661254814053
8.561,0.00173598352317038
8.562,0.00146719052010108
8.563,0.00121032261347303
8.564,0.00100876026168437
8.565,0.00090933031725332
8.566,0.000951644569626016
8.567,0.00115938418937487
8.568,0.00153533788001774
8.569,0.00206072771148166
8.57,0.00269825133640423
8.571,0.00339765746754157
8.572,0.00410261146083977
8.573,0.00475791115049779
8.574,0.00531646932947665
8.575,0.00574562459373661
8.576,0.00603219383606606
8.577,0.00618537580489919
8.578,0.00623644325459638
8.579,0.00623440596601471
8.58,0.00623760745861063
8.581,0.00630239080729653
8.582,0.00647114570157333
8.583,0.00676273461579743
8.584,0.00716809384745441
8.585,0.00765260728250959
8.586,0.00816492999547362
8.587,0.00864989306990319
8.588,0.00906167744404328
8.589,0.00937319000697526
8.59,0.00957871420839773
8.591,0.00968914622075506
8.592,0.00972173940264479
8.593,0.00968834120706067
8.594,0.00958682755250263
8.595,0.00939946655801026
8.596,0.00909952106082411
8.597,0.00866431961191154
8.598,0.00809037190893573
8.599,0.00740487256652185
8.6,0.00666866736096113
8.601,0.00596831351194356
8.602,0.00539845333230073
8.603,0.00503913412604762
8.604,0.0049347460553558
8.605,0.00508114405652279
8.606,0.00542521887431093
8.607,0.00587739542757397
8.608,0.00633350660157742
8.609,0.00669957069822397
8.61,0.00691218476118818
8.611,0.00694881482166517
8.612,0.00682567951597875
8.613,0.00658500934000348
8.614,0.00627681477222609
8.615,0.005941771616832
8.616,0.00560095724448931
8.617,0.00525530766922855
8.618,0.00489387862401985
8.619,0.00450667311900993
8.62,0.00409615593636597
8.621,0.00368220961234359
8.622,0.00329795993636278
8.623,0.00297762163541068
8.624,0.00274089700099506
8.625,0.00258021468857745
8.626,0.00245650921184637
8.627,0.00230644356794468
8.628,0.00205991085413463
8.629,0.00166274864464485
8.63,0.00109728165530435
8.631,0.000393472581272573
8.632,-0.000373844294483419
8.633,-0.00110178532531191
8.634,-0.00168580406205138
8.635,-0.00204784449977358
8.636,-0.00215762847794547
8.637,-0.00204041066105774
8.638,-0.00176869377330543
8.639,-0.0014404049998289
8.64,-0.00115026136128948
8.641,-0.000963126899511651
8.642,-0.0008974315282899
8.643,-0.00092344873311089
8.644,-0.000976507847850252
8.645,-0.00098058566990962
8.646,-0.00087465420312611
8.647,-0.000633582077763814
8.648,-0.000277390443432544
8.649,0.000133489528496277
8.65,0.000514919949693614
8.651,0.000782160016067939
8.652,0.00087221556448412
8.653,0.000758996676923278
8.654,0.000457493565926561
8.655,1.67855328129079e-05
8.656,-0.000494953436416374
8.657,-0.00100823445090757
8.658,-0.00146737831842125
8.659,-0.00183905170277418
8.66,-0.00211286133331838
8.661,-0.00229535535644657
8.662,-0.00240070488069206
8.663,-0.00244192806909282
8.664,-0.00242571974973117
8.665,-0.00235218315941743
8.666,-0.00221873893769342
8.667,-0.00202594307794331
8.668,-0.00178238171853343
8.669,-0.00150634398718297
8.67,-0.00122333051352752
8.671,-0.000960095915381593
8.672,-0.000737251445212007
8.673,-0.00056302191457872
8.674,-0.000430400964868074
8.675,-0.000318841257000436
8.676,-0.000200150915498867
8.677,-4.69328809513206e-05
8.678,0.000158887647667763
8.679,0.000419936295685813
8.68,0.000721457877381216
8.681,0.00103419315830863
8.682,0.0013213642956112
8.683,0.00154798466593312
8.684,0.00169011794029844
8.685,0.00174173056575538
8.686,0.00171737183080421
8.687,0.00164991252879333
8.688,0.00158373984562489
8.689,0.00156488600051109
8.69,0.00163033109349406
8.691,0.00179899780546562
8.692,0.00206666692149917
8.693,0.00240621660529605
8.694,0.00277337107170717
8.695,0.00311678892131626
8.696,0.00339014925554583
8.697,0.00356322580089949
8.698,0.00362900889196555
8.699,0.00360480489979094
8.7,0.00352675614154313
8.701,0.00343901764479325
8.702,0.00338040972135777
8.703,0.00337225462978446
8.704,0.00341097930855168
8.705,0.0034678814155379
8.706,0.00349649108397371
8.707,0.0034457561213098
8.708,0.00327548526907887
8.709,0.00296966602694412
8.71,0.00254372137675281
8.711,0.00204339544449038
8.712,0.00153530629327897
8.713,0.0010915838115133
8.714,0.00077270871542303
8.715,0.000613174640220878
8.716,0.000613764760097961
8.717,0.000742334284002309
8.718,0.000942610348094996
8.719,0.0011483813526273
8.72,0.00129916735069074
8.721,0.00135336647464523
8.722,0.00129590097400587
8.723,0.00113913886848023
8.724,0.000917751568822869
8.725,0.000679608513674716
8.726,0.000475435259138366
8.727,0.000349707795590269
8.728,0.000334356154789974
8.729,0.00044571949984397
8.73,0.000684259823138903
8.731,0.00103608290238757
8.732,0.00147537993683283
8.733,0.00196731506767704
8.734,0.00247134323501249
8.735,0.00294516952275852
8.736,0.00334942034446819
8.737,0.003652655314819
8.738,0.00383584068772691
8.739,0.00389512325206031
8.74,0.00384190099612164
8.741,0.00369981205321918
8.742,0.00349917134593287
8.743,0.00327024054659112
8.744,0.00303717065431595
8.745,0.00281428887684379
8.746,0.00260562799863277
8.747,0.0024074773172282
8.748,0.00221268469358431
8.749,0.00201487014220356
8.75,0.00181086242749386
8.751,0.00160050312748785
8.752,0.00138416124051586
8.753,0.00115938366595874
8.754,0.000918611269593092
8.755,0.000649564764437006
8.756,0.000338823224164491
8.757,-2.2326681041779e-05
8.758,-0.000431924855755498
8.759,-0.000873888224722641
8.76,-0.00131914919291543
8.761,-0.00173195629534375
8.762,-0.00207996278936819
8.763,-0.00234504050107361
8.764,-0.00253100847861319
8.765,-0.00266504701780365
8.766,-0.00279140260490884
8.767,-0.00295853237662512
8.768,-0.00320323743190201
8.769,-0.00353672725938335
8.77,-0.0039373742258005
8.771,-0.00435310778651499
8.772,-0.00471347813739317
8.773,-0.00494831531115292
8.774,-0.00500765474335263
8.775,-0.00487697776952256
8.776,-0.0045830818392512
8.777,-0.00418867812651539
8.778,-0.00377722758994972
8.779,-0.00343246558840479
8.78,-0.00321858027634263
8.781,-0.00316662915552382
8.782,-0.00327066453406243
8.783,-0.00349392821892226
8.784,-0.00378241737790806
8.785,-0.00408111404576805
8.786,-0.00434781493494644
8.787,-0.00456081260819851
8.788,-0.00471910733205346
8.789,-0.004836458786083
8.79,-0.00493248694528762
8.791,-0.00502458454985121
8.792,-0.00512351516621223
8.793,-0.00523368120351808
8.794,-0.00535694573751931
8.795,-0.00549741257422429
8.796,-0.00566426907286238
8.797,-0.00587075644995572
8.798,-0.00612913637786237
8.799,-0.00644342770448631
8.8,-0.00680291535407474
8.801,-0.00717947408588837
8.802,-0.00753055527458178
8.803,-0.00780768853238933
8.804,-0.00796829916357297
8.805,-0.00798731231359624
8.806,-0.00786491256872772
8.807,-0.00762800091201057
8.808,-0.00732491075029698
8.809,-0.00701507264129634
8.81,-0.00675678786793287
8.811,-0.00659658245020554
8.812,-0.00656271406648161
8.813,-0.00666370366326143
8.814,-0.0068909615404887
8.815,-0.00722338392531131
8.816,-0.00763164544200315
8.817,-0.00808079289639841
8.818,-0.00853120431257738
8.819,-0.00893931060861226
8.82,-0.00926002626811759
8.821,-0.00945227047544361
8.822,-0.00948744126275355
8.823,-0.0093588436226251
8.824,-0.00908870253656278
8.825,-0.00872923369401549
8.826,-0.00835558922666611
8.827,-0.00805103930767152
8.828,-0.00788765565956035
8.829,-0.00790793855146687
8.83,-0.0081133336646145
8.831,-0.00846400947527851
8.832,-0.00889094042390418
8.833,-0.00931728291152844
8.834,-0.0096826256434049
8.835,-0.00996221805947966
8.836,-0.0101744205985482
8.837,-0.010373188744213
8.838,-0.0106273341330495
8.839,-0.0109929794489401
8.84,-0.0114884002922672
8.841,-0.0120802451750407
8.842,-0.0126868307874923
8.843,-0.0131987702999925
8.844,-0.013511340800846
8.845,-0.0135586925038461
8.846,-0.0133387735801509
8.847,-0.0129202447928828
8.848,-0.0124280450773284
8.849,-0.0120109790468356
8.85,-0.0118005722179608
8.851,-0.0118735354070215
8.852,-0.0122294180269385
8.853,-0.012790573186673
8.854,-0.0134247747133574
8.855,-0.0139838578930491
8.856,-0.0143468184109378
8.857,-0.0144544666888065
8.858,-0.0143254082105966
8.859,-0.0140489285073167
8.86,-0.0137574367554122
8.861,-0.0135872225542493
8.862,-0.0136395209050385
8.863,-0.0139533323754801
8.864,-0.0144974120841178
8.865,-0.015182721725038
8.866,-0.0158904388937952
8.867,-0.016506277805297
8.868,-0.0169506458356728
8.869,-0.0171962305648928
8.87,-0.0172691048880733
8.871,-0.0172347564468632
8.872,-0.0171748425305733
8.873,-0.0171626256688091
8.874,-0.017244478904015
8.875,-0.0174320184891533
8.876,-0.0177054894856368
8.877,-0.0180254167729944
8.878,-0.0183474090531221
8.879,-0.0186349010298794
8.88,-0.018866308888376
8.881,-0.0190357136442276
8.882,-0.0191486821063574
8.883,-0.0192162680686285
8.884,-0.0192501951921417
8.885,-0.0192609191634389
8.886,-0.0192584046115893
8.887,-0.0192539145762942
8.888,-0.0192605868344855
8.889,-0.0192912787945424
8.89,-0.0193537629798307
8.891,-0.0194451019682186
8.892,-0.0195480844041027
8.893,-0.0196323844195686
8.894,-0.0196615578641381
8.895,-0.0196046265233361
8.896,-0.0194487394557729
8.897,-0.019208203959224
8.898,-0.0189256798327496
8.899,-0.0186635524947047
8.9,-0.0184867996408906
8.901,-0.0184419266490005
8.902,-0.0185385636463078
8.903,-0.0187402389354271
8.904,-0.018968502611073
8.905,-0.0191205944778848
8.906,-0.0190964714532375
8.907,-0.0188276852913791
8.908,-0.0182995051292619
8.909,-0.0175592881626157
8.91,-0.0167080071222835
8.911,-0.0158768599406377
8.912,-0.0151954302773241
8.913,-0.0147604736838809
8.914,-0.0146142190851989
8.915,-0.0147381443146885
8.916,-0.0150634431392731
8.917,-0.0154943682551451
8.918,-0.0159369105608965
8.919,-0.0163240149317821
8.92,-0.0166300722146636
8.921,-0.0168711843707523
8.922,-0.0170923850959591
8.923,-0.0173470571534168
8.924,-0.0176759228229143
8.925,-0.0180925805353751
8.926,-0.0185798720925278
8.927,-0.0190973999581099
8.928,-0.0195966728771381
8.929,-0.0200379432920281
8.93,-0.0204025758785843
8.931,-0.0206967340213212
8.932,-0.0209455194411574
8.933,-0.0211802170978198
8.934,-0.021423731280983
8.935,-0.0216798164137282
8.936,-0.0219301742634904
8.937,-0.0221405046578037
8.938,-0.0222732597333041
8.939,-0.0223023676227776
8.94,-0.0222244428667536
8.941,-0.0220622405143068
8.942,-0.0218588816309537
8.943,-0.0216646834803878
8.944,-0.0215210909529414
8.945,-0.021447286181287
8.946,-0.0214341749918779
8.947,-0.0214479271510873
8.948,-0.021441970402779
8.949,-0.0213734494904539
8.95,-0.0212186565155047
8.951,-0.0209823204609606
8.952,-0.0206977522639358
8.953,-0.0204179226549947
8.954,-0.0202005264743422
8.955,-0.0200919430129918
8.956,-0.0201151355386936
8.957,-0.0202649598121131
8.958,-0.0205116837461849
8.959,-0.0208107376238582
8.96,-0.0211148049513287
8.961,-0.0213839712608017
8.962,-0.021590844902593
8.963,-0.0217198369682522
8.964,-0.0217622352844886
8.965,-0.0217103776939609
8.966,-0.0215544752591557
8.967,-0.0212843574322566
8.968,-0.0208960994473316
8.969,-0.020401051398782
8.97,-0.0198332032867456
8.971,-0.0192507859532207
8.972,-0.0187296579145709
8.973,-0.0183488615073551
8.974,-0.0181717702270737
8.975,-0.0182283746839856
8.976,-0.0185046105407653
8.977,-0.0189429452975843
8.978,-0.0194551494885356
8.979,-0.0199443094387533
8.98,-0.0203299782079452
8.981,-0.0205690161133784
8.982,-0.0206656835454606
8.983,-0.0206676856115645
8.984,-0.0206491792038838
8.985,-0.0206858657473482
8.986,-0.0208298622071098
8.987,-0.0210922013099056
8.988,-0.0214384669252021
8.989,-0.0217989480503699
8.99,-0.0220901096308265
8.991,-0.022240606297104
8.992,-0.0222136581331392
8.993,-0.0220188145854849
8.994,-0.0217095514678009
8.995,-0.0213676577485807
8.996,-0.0210795083270734
8.997,-0.0209117582048473
8.998,-0.0208939754405796
8.999,-0.0210133103944395
9,-0.0212223142216768
9.001,-0.0214568006843113
9.002,-0.0216575681941422
9.003,-0.0217888309322565
9.004,-0.0218475977145868
9.005,-0.02186145091729
9.006,-0.021876096055109
9.007,-0.0219373592098106
9.008,-0.0220739347040565
9.009,-0.0222866550614828
9.01,-0.022547630088329
9.011,-0.0228091655973973
9.012,-0.0230191135515556
9.013,-0.023137307113868
9.014,-0.023147612068188
9.015,-0.0230618385230388
9.016,-0.0229146439774824
9.017,-0.0227515917274739
9.018,-0.022614674645054
9.019,-0.0225301904076788
9.02,-0.0225027458951167
9.021,-0.0225168448234371
9.022,-0.0225448388000836
9.023,-0.0225579414355406
9.024,-0.0225362080908791
9.025,-0.0224740770254845
9.026,-0.0223799232913522
9.027,-0.0222703713093661
9.028,-0.0221620000357748
9.029,-0.0220638941723454
9.03,-0.0219739970018901
9.031,-0.021880642134523
9.032,-0.0217686022380692
9.033,-0.021627257561289
9.034,-0.0214576845173847
9.035,-0.0212758643037839
9.036,-0.0211106374130037
9.037,-0.0209969376824081
9.038,-0.0209665251596412
9.039,-0.0210392966997262
9.04,-0.0212179993838529
9.041,-0.0214879284242431
9.042,-0.0218214361826348
9.043,-0.0221854600002168
9.044,-0.0225493702487989
9.045,-0.0228905437050204
9.046,-0.0231960991882541
9.047,-0.0234607731965178
9.048,-0.0236823710688554
9.049,-0.0238570630592904
9.05,-0.023976713791679
9.051,-0.0240294986389597
9.052,-0.0240036525627411
9.053,-0.0238928670937069
9.054,-0.0237011106978949
9.055,-0.0234447766832142
9.056,-0.0231510080466953
9.057,-0.022852448877596
9.058,-0.022579997042395
9.059,-0.022355885125289
9.06,-0.0221893170711979
9.061,-0.0220759791567047
9.062,-0.0220013707825191
9.063,-0.0219465785274874
9.064,-0.0218943367594091
9.065,-0.0218332617153444
9.066,-0.0217589813261192
9.067,-0.0216721778503424
9.068,-0.0215748086210709
9.069,-0.021466484386003
9.07,-0.0213428815406988
9.071,-0.0211971746943356
9.072,-0.0210241364933585
9.073,-0.0208252827777272
9.074,-0.0206127528483105
9.075,-0.0204098130786514
9.076,-0.0202469384726838
9.077,-0.0201540134683679
9.078,-0.0201507410696439
9.079,-0.0202382845581951
9.08,-0.0203951077899355
9.081,-0.0205788837326989
9.082,-0.0207345249851098
9.083,-0.0208064360748285
9.084,-0.0207516459741995
9.085,-0.0205500490049528
9.086,-0.0202087373076053
9.087,-0.019759134116718
9.088,-0.0192477978302698
9.089,-0.0187236778741671
9.09,-0.0182256556175398
9.091,-0.0177740616384127
9.092,-0.0173685704016133
9.093,-0.0169928454793504
9.094,-0.0166241841922169
9.095,-0.0162448564575627
9.096,-0.0158513301730393
9.097,-0.0154582732881414
9.098,-0.0150958959450405
9.099,-0.0148013221066885
9.1,-0.014606603749693
9.101,-0.0145271250626423
9.102,-0.0145541451168699
9.103,-0.0146540913515069
9.104,-0.014775273991202
9.105,-0.0148605070044668
9.106,-0.0148623255213018
9.107,-0.0147566016439775
9.108,-0.0145506435976778
9.109,-0.0142832550775961
9.11,-0.0140163644487396
9.111,-0.0138201337594748
9.112,-0.0137552998369639
9.113,-0.0138573722957542
9.114,-0.0141269547803759
9.115,-0.0145289287330546
9.116,-0.0150009213153748
9.117,-0.0154689738312001
9.118,-0.0158663102102786
9.119,-0.0161501479088158
9.12,-0.0163119022784275
9.121,-0.0163778534614632
9.122,-0.0163999472677854
9.123,-0.0164391914791809
9.124,-0.0165462982921423
9.125,-0.016745152800224
9.126,-0.0170240265573059
9.127,-0.0173373230704969
9.128,-0.0176176009527918
9.129,-0.0177945372920035
9.13,-0.017815297095454
9.131,-0.0176601744424198
9.132,-0.0173486255542233
9.133,-0.0169336214158636
9.134,-0.0164858058474834
9.135,-0.0160721747907486
9.136,-0.0157358633212017
9.137,-0.0154834870923577
9.138,-0.0152842913331658
9.139,-0.0150817241018825
9.14,-0.0148140730694296
9.141,-0.0144377478918526
9.142,-0.0139456734616374
9.143,-0.0133745207486772
9.144,-0.0127978295973092
9.145,-0.0123064805161875
9.146,-0.0119820752714119
9.147,-0.0118712630514242
9.148,-0.0119690555534619
9.149,-0.0122166366058642
9.15,-0.0125148323891218
9.151,-0.0127496056793567
9.152,-0.0128221859268891
9.153,-0.0126749485711068
9.154,-0.0123054078221071
9.155,-0.0117643081282671
9.156,-0.0111386520467614
9.157,-0.0105250533583244
9.158,-0.0100016232933215
9.159,-0.00960681975040264
9.16,-0.00933129219960464
9.161,-0.0091245572296586
9.162,-0.00891372180832482
9.163,-0.00862791388624073
9.164,-0.00822067609695736
9.165,-0.00768368371461242
9.166,-0.00704828499096443
9.167,-0.0063754053261108
9.168,-0.00573793341742682
9.169,-0.00520166903661513
9.17,-0.00481071551425315
9.171,-0.00458106859762911
9.172,-0.00450296571513517
9.173,-0.00454951326622067
9.174,-0.00468728229449799
9.175,-0.00488453121063876
9.176,-0.00511436274831128
9.177,-0.00535271016272039
9.178,-0.00557350266299467
9.179,-0.00574469038450601
9.18,-0.00582847980243662
9.181,-0.00578726560789452
9.182,-0.0055940822179391
9.183,-0.00524401008544123
9.184,-0.00476185914493163
9.185,-0.00420215487926699
9.186,-0.00363983096768449
9.187,-0.00315329269284728
9.188,-0.00280448416729328
9.189,-0.00262214030913696
9.19,-0.00259386548791016
9.191,-0.00267011678804148
9.192,-0.00277937785327209
9.193,-0.00285006244859594
9.194,-0.00283229611329086
9.195,-0.00271257294144079
9.196,-0.00251650199027544
9.197,-0.0022987513729453
9.198,-0.00212357323966614
9.199,-0.00204249043692168
9.2,-0.00207672644338536
9.201,-0.00221038124527191
9.202,-0.0023966978374869
9.203,-0.00257525425696542
9.204,-0.002694096338234
9.205,-0.00272902573412743
9.206,-0.00269313031647041
9.207,-0.00263293322819233
9.208,-0.00261214956496387
9.209,-0.00268840933248192
9.21,-0.00289092186731848
9.211,-0.00320698429324055
9.212,-0.00358244096256502
9.213,-0.00393657558364148
9.214,-0.00418699411667825
9.215,-0.00427649518253717
9.216,-0.00419295803179589
9.217,-0.00397529054211527
9.218,-0.00370286798950864
9.219,-0.00347125470699699
9.22,-0.00336158821005498
9.221,-0.00341330010535363
9.222,-0.0036090602011549
9.223,-0.00387716293678473
9.224,-0.00411116586375098
9.225,-0.004201147011042
9.226,-0.00406720330349164
9.227,-0.00368496548813421
9.228,-0.00309524064885227
9.229,-0.00239469112920857
9.23,-0.00171022472153513
9.231,-0.00116471268241704
9.232,-0.000844243195648028
9.233,-0.000776573931285214
9.234,-0.000926963094767436
9.235,-0.00121223555463834
9.236,-0.00152843402618639
9.237,-0.0017834023165001
9.238,-0.00192434691831349
9.239,-0.00195217381079642
9.24,-0.00191860711376586
9.241,-0.0019074322614104
9.242,-0.00200601842357117
9.243,-0.00227610739593255
9.244,-0.00273288876477353
9.245,-0.00333866504881254
9.246,-0.00401283310436483
9.247,-0.00465490324605669
9.248,-0.00517337644395383
9.249,-0.00551166293347497
9.25,-0.00566329806409074
9.251,-0.00567210536091803
9.252,-0.0056175891021672
9.253,-0.00559027589729505
9.254,-0.00566462745957051
9.255,-0.00587767441120703
9.256,-0.00621957512486509
9.257,-0.00663853977995962
9.258,-0.0070581690049329
9.259,-0.00740158845508995
9.26,-0.00761490748385469
9.261,-0.00768299835999799
9.262,-0.00763316356759614
9.263,-0.00752607558452604
9.264,-0.00743722332532119
9.265,-0.00743479972318722
9.266,-0.00756073107022857
9.267,-0.0078202275160591
9.268,-0.00818233251500337
9.269,-0.00859045276428343
9.27,-0.00897889394719548
9.271,-0.00928992516457016
9.272,-0.00948624978596016
9.273,-0.00955574972652579
9.274,-0.00950823758633733
9.275,-0.00936667541128358
9.276,-0.00915696630688049
9.277,-0.00890046701950911
9.278,-0.00861185744073873
9.279,-0.00830254254500874
9.28,-0.00798729517862236
9.281,-0.00769031616877004
9.282,-0.00744689590969203
9.283,-0.00729845437496298
9.284,-0.0072813736533975
9.285,-0.00741277153828247
9.286,-0.00767817078252899
9.287,-0.00802615615963995
9.288,-0.0083733994619235
9.289,-0.00862033526817798
9.29,-0.00867426096219563
9.291,-0.00847387874441648
9.292,-0.00800826154706791
9.293,-0.00732434182304422
9.294,-0.00652003117898582
9.295,-0.00572409525564148
9.296,-0.005067704670785
9.297,-0.0046549867330593
9.298,-0.00454017795937631
9.299,-0.00471706109422893
9.3,-0.00512288464172681
9.301,-0.00565500166645868
9.302,-0.00619522793904469
9.303,-0.00663532362189459
9.304,-0.00689739724437845
9.305,-0.00694511668932544
9.306,-0.00678458146028873
9.307,-0.00645655183558437
9.308,-0.00602358458765957
9.309,-0.00555606575870769
9.31,-0.00512027305081769
9.311,-0.00477000282828798
9.312,-0.00454170932572048
9.313,-0.00445215776992369
9.314,-0.00449755830432171
9.315,-0.00465384671917065
9.316,-0.00487869045035193
9.317,-0.00511630657632564
9.318,-0.00530585611945446
9.319,-0.00539300056984996
9.32,-0.00534259057741377
9.321,-0.00514911557795427
9.322,-0.00484119415470732
9.323,-0.0044774340606197
9.324,-0.00413331675810796
9.325,-0.00388169657011044
9.326,-0.00377203605081573
9.327,-0.00381462684336072
9.328,-0.00397517012859894
9.329,-0.00418228504494135
9.33,-0.00434655991604254
9.331,-0.00438592923437666
9.332,-0.00424978354518515
9.333,-0.00393422240215963
9.334,-0.00348339410454138
9.335,-0.00297620718480232
9.336,-0.00250245523722738
9.337,-0.00213596242719875
9.338,-0.00191346678199725
9.339,-0.00182614792329696
9.34,-0.00182650780363733
9.341,-0.00184810762730977
9.342,-0.0018312255641066
9.343,-0.0017453868591983
9.344,-0.00160072070167031
9.345,-0.00144393881290993
9.346,-0.00134013093945412
9.347,-0.00134667558402054
9.348,-0.00148857163403234
9.349,-0.00174429931462625
9.35,-0.0020479032576566
9.351,-0.00230746748083676
9.352,-0.00243439417150899
9.353,-0.00237390201936666
9.354,-0.00212635360540223
9.355,-0.00175175813449676
9.356,-0.00135521319870968
9.357,-0.00105734925737918
9.358,-0.000958897341573359
9.359,-0.00111058835495052
9.36,-0.00149798117210742
9.361,-0.00204602802428014
9.362,-0.00264181805116696
9.363,-0.00316812358035603
9.364,-0.00353704226059047
9.365,-0.0037132601956334
9.366,-0.00372011937004828
9.367,-0.00362746386409529
9.368,-0.00352617239284126
9.369,-0.00349836309081711
9.37,-0.00359316377642794
9.371,-0.00381548034473642
9.372,-0.00413033406186163
9.373,-0.00447984376649587
9.374,-0.00480573683419343
9.375,-0.00506880475664932
9.376,-0.00525839529013582
9.377,-0.00538914614245485
9.378,-0.00548715565423846
9.379,-0.00557181408635548
9.38,-0.00564112664013753
9.381,-0.00566698527183981
9.382,-0.00560301615641028
9.383,-0.00540275471790609
9.384,-0.00504176436998019
9.385,-0.00453543452903775
9.386,-0.00394527756058318
9.387,-0.00337024835893591
9.388,-0.00292466232462131
9.389,-0.00270894047145023
9.39,-0.00278205536691949
9.391,-0.00314427529016068
9.392,-0.00373569617815781
9.393,-0.00445115962687375
9.394,-0.00516711232299908
9.395,-0.00577241727935773
9.396,-0.00619418962809423
9.397,-0.00641161236047178
9.398,-0.00645466721018508
9.399,-0.00638941415266574
9.4,-0.00629532660078596
9.401,-0.00624205501781996
9.402,-0.00627240130165573
9.403,-0.00639563169226304
9.404,-0.00659158053544531
9.405,-0.00682259669580417
9.406,-0.00704834738737616
9.407,-0.00723834693973162
9.408,-0.00737865096985555
9.409,-0.00747170474613263
9.41,-0.00753085226296499
9.411,-0.00757261433533861
9.412,-0.0076100719341617
9.413,-0.00764964044594731
9.414,-0.0076917524781204
9.415,-0.00773425398810806
9.416,-0.00777633254070178
9.417,-0.00782085782889757
9.418,-0.00787399598243805
9.419,-0.00794236996282036
9.42,-0.00802924570533837
9.421,-0.00813171689260345
9.422,-0.00824045277470862
9.423,-0.00834246058189901
9.424,-0.00842598296199468
9.425,-0.00848566753706702
9.426,-0.00852592171251993
9.427,-0.00856099371853713
9.428,-0.00861154281148217
9.429,-0.00869878162310885
9.43,-0.00883816385111941
9.431,-0.0090347063253455
9.432,-0.00928135199596717
9.433,-0.00956060030536659
9.434,-0.00984845014719968
9.435,-0.0101190019195495
9.436,-0.0103481181307661
9.437,-0.0105152886739526
9.438,-0.0106039263899927
9.439,-0.0106012192451092
9.44,-0.010498944113579
9.441,-0.0102961256745948
9.442,-0.0100032812339183
9.443,-0.00964670944960081
9.444,-0.00927045592677881
9.445,-0.00893369029031752
9.446,-0.0087023876166771
9.447,-0.00863612610780279
9.448,-0.00877284834701361
9.449,-0.00911581375590983
9.45,-0.00962708273172901
9.451,-0.0102305114729131
9.452,-0.0108247086786015
9.453,-0.0113034593374793
9.454,-0.0115787055213041
9.455,-0.0116001155388234
9.456,-0.0113659816160181
9.457,-0.0109225017871058
9.458,-0.0103517317325867
9.459,-0.00975163784365615
9.46,-0.00921377028752206
9.461,-0.00880448031511602
9.462,-0.00855425765890867
9.463,-0.00845715352492936
9.464,-0.0084792574908317
9.465,-0.00857276512387322
9.466,-0.00869101642102909
9.467,-0.0088002456302789
9.468,-0.00888538543350256
9.469,-0.00894945215433854
9.47,-0.009008016716262
9.471,-0.00908141225089759
9.472,-0.0091873863845269
9.473,-0.0093360439734265
9.474,-0.00952763463261169
9.475,-0.00975260850481984
9.476,-0.00999283769865141
9.477,-0.0102231071144936
9.478,-0.0104126945801194
9.479,-0.0105276290089333
9.48,-0.0105345571946644
9.481,-0.0104067852139719
9.482,-0.0101320482760775
9.483,-0.00972029741706279
9.484,-0.00920885329840534
9.485,-0.00866219560522106
9.486,-0.00816467477076598
9.487,-0.00780637427950753
9.488,-0.00766464326196826
9.489,-0.00778567257626922
9.49,-0.00817117974398712
9.491,-0.0087744153016428
9.492,-0.00950742870877729
9.493,-0.0102584587086649
9.494,-0.010915375711603
9.495,-0.0113892426031199
9.496,-0.0116319013692297
9.497,-0.0116431276680384
9.498,-0.0114658398069667
9.499,-0.0111711968840553
9.5,-0.0108381437935783
9.501,-0.0105332439630128
9.502,-0.010296147403938
9.503,-0.0101340108062266
9.504,-0.0100253346703477
9.505,-0.00993094912108958
9.506,-0.00980810633295863
9.507,-0.00962329319467038
9.508,-0.00936042745195663
9.509,-0.00902304970172214
9.51,-0.00863122106520005
9.511,-0.00821535343174019
9.512,-0.00780968346406835
9.513,-0.007447516328227
9.514,-0.00715906990987537
9.515,-0.00697133840120948
9.516,-0.00690845353623552
9.517,-0.00699091123072173
9.518,-0.00723275448347293
9.519,-0.00763702274487322
9.52,-0.0081909592017834
9.521,-0.00886309389507879
9.522,-0.00960409548563908
9.523,-0.0103522447429689
9.524,-0.0110428840340072
9.525,-0.0116197783012314
9.526,-0.0120455047860786
9.527,-0.0123080809942611
9.528,-0.0124220310301738
9.529,-0.0124236536720863
9.53,-0.0123618735517933
9.531,-0.0122872066332413
9.532,-0.0122417072024429
9.533,-0.0122522291350521
9.534,-0.0123281655303597
9.535,-0.0124634568252947
9.536,-0.0126415373524471
9.537,-0.0128413509501941
9.538,-0.0130426994137159
9.539,-0.0132298399096203
9.54,-0.0133931010374069
9.541,-0.0135289942744871
9.542,-0.0136396149495317
9.543,-0.0137319991606644
9.544,-0.0138176657559315
9.545,-0.0139120800591768
9.546,-0.0140334870920385
9.547,-0.014200630133619
9.548,-0.0144292831909414
9.549,-0.0147281146363725
9.55,-0.0150949118558553
9.551,-0.015514402327022
9.552,-0.0159586884558109
9.553,-0.0163907146495437
9.554,-0.0167703895441551
9.555,-0.0170622472375385
9.556,-0.0172430764875719
9.557,-0.0173078991666412
9.558,-0.0172730235824923
9.559,-0.0171755024806366
9.56,-0.0170690038032789
9.561,-0.0170166900193606
9.562,-0.0170821098417341
9.563,-0.0173193322811633
9.564,-0.0177636504726224
9.565,-0.0184242041820097
9.566,-0.0192798179139875
9.567,-0.0202791632954146
9.568,-0.0213459323941499
9.569,-0.0223889863094593
9.57,-0.0233164559091041
9.571,-0.0240516949086734
9.572,-0.0245481163648125
9.573,-0.0247996167009642
9.574,-0.0248437564794437
9.575,-0.0247561718073306
9.576,-0.0246366163095463
9.577,-0.0245891221084908
9.578,-0.0247004367025889
9.579,-0.0250216125690728
9.58,-0.0255571036157423
9.581,-0.0262640160052466
9.582,-0.0270616912973478
9.583,-0.0278492392120963
9.584,-0.0285267077473587
9.585,-0.0290148263193977
9.586,-0.0292688787405678
9.587,-0.0292840389531208
9.588,-0.0290918732849938
9.589,-0.0287499603203382
9.59,-0.0283280603263344
9.591,-0.0278946157558513
9.592,-0.0275065994863366
9.593,-0.0272042173842552
9.594,-0.0270102902816724
9.595,-0.0269328553967505
9.596,-0.0269690046034994
9.597,-0.0271082690544024
9.598,-0.0273347144676102
9.599,-0.0276278941837441
9.6,-0.0279634836654063
9.601,-0.0283145291450128
9.602,-0.0286537913570332
9.603,-0.0289569104090279
9.604,-0.0292054487722292
9.605,-0.0293886339655792
9.606,-0.0295029734696613
9.607,-0.0295497369139898
9.608,-0.0295312526701915
9.609,-0.029447617489229
9.61,-0.0292954332733899
9.611,-0.0290694765105278
9.612,-0.0287669911025619
9.613,-0.0283930326040715
9.614,-0.0279645108943128
9.615,-0.0275106688791801
9.616,-0.0270687758428731
9.617,-0.0266755128248454
9.618,-0.0263563005370716
9.619,-0.0261159942295253
9.62,-0.0259344308522114
9.621,-0.0257691157201904
9.622,-0.0255651840019774
9.623,-0.0252703448791983
9.624,-0.024850643052913
9.625,-0.0243022454702344
9.626,-0.0236553795850542
9.627,-0.0229687920530112
9.628,-0.0223159755690977
9.629,-0.0217669927703607
9.63,-0.0213711456476701
9.631,-0.0211455032330878
9.632,-0.0210724655442361
9.633,-0.0211067044882828
9.634,-0.0211889220319004
9.635,-0.0212618646051656
9.636,-0.0212835841753967
9.637,-0.0212341599634076
9.638,-0.0211145347165354
9.639,-0.0209389058134456
9.64,-0.0207242658909852
9.641,-0.0204814671922181
9.642,-0.0202113411250508
9.643,-0.0199072725259543
9.644,-0.0195629989815254
9.645,-0.0191822468827322
9.646,-0.0187859250383499
9.647,-0.0184133157668477
9.648,-0.0181157960429228
9.649,-0.0179443547338025
9.65,-0.017934575224059
9.651,-0.0180939592107342
9.652,-0.0183960209901593
9.653,-0.0187835980996456
9.654,-0.019180952900291
9.655,-0.0195114382922625
9.656,-0.0197157048233941
9.657,-0.0197652291757004
9.658,-0.0196673976098375
9.659,-0.0194609840253062
9.66,-0.0192037513328666
9.661,-0.0189561388679468
9.662,-0.0187658894686133
9.663,-0.0186578025097046
9.664,-0.0186308849895405
9.665,-0.0186627198722488
9.666,-0.0187187229203869
9.667,-0.0187627984369245
9.668,-0.018766024839621
9.669,-0.0187112298146154
9.67,-0.0185931024593307
9.671,-0.0184151315262895
9.672,-0.0181855611086445
9.673,-0.0179144489191335
9.674,-0.0176129368801716
9.675,-0.0172944734862515
9.676,-0.0169765743217788
9.677,-0.0166812755197652
9.678,-0.0164329221074273
9.679,-0.016253151143898
9.68,-0.0161543771552444
9.681,-0.0161341452090245
9.682,-0.0161728917656957
9.683,-0.016236779416167
9.684,-0.0162855916393336
9.685,-0.0162837668518186
9.686,-0.0162112295050958
9.687,-0.0160703234368263
9.688,-0.0158860985444498
9.689,-0.0156992159970624
9.69,-0.0155531872702163
9.691,-0.0154797186746202
9.692,-0.0154868533677896
9.693,-0.0155539975658147
9.694,-0.0156359028256772
9.695,-0.0156748561200193
9.696,-0.0156176100434878
9.697,-0.0154318783678565
9.698,-0.0151171363386115
9.699,-0.0147060921701591
9.7,-0.0142560631884814
9.701,-0.0138326999360477
9.702,-0.0134910182055777
9.703,-0.0132596849137365
9.704,-0.0131335993737976
9.705,-0.0130772630636466
9.706,-0.0130380224568893
9.707,-0.0129650785356635
9.708,-0.0128282112241688
9.709,-0.0126301135840398
9.71,-0.0124081210027923
9.711,-0.0122243876949308
9.712,-0.0121471944372919
9.713,-0.0122289278231391
9.714,-0.0124874456160882
9.715,-0.0128966496838801
9.716,-0.0133893880901289
9.717,-0.0138721280230556
9.718,-0.0142473154766829
9.719,-0.0144370514443691
9.72,-0.01440136446132
9.721,-0.0141460368255029
9.722,-0.0137181078024016
9.723,-0.0131908368975505
9.724,-0.012642930572276
9.725,-0.0121383029700868
9.726,-0.0117121463862234
9.727,-0.0113668472845009
9.728,-0.0110780611583504
9.729,-0.0108081081929154
9.73,-0.0105217716137564
9.731,-0.0101991955062934
9.732,-0.00984194055169101
9.733,-0.00947083942622572
9.734,-0.00911718248930311
9.735,-0.0088109660976055
9.736,-0.00857071807193983
9.737,-0.00839855196574788
9.738,-0.00828194737531686
9.739,-0.00820111310063131
9.74,-0.00813863689840778
9.741,-0.00808725662623554
9.742,-0.00805233678840386
9.743,-0.00804774621232826
9.744,-0.00808654139544656
9.745,-0.00817015441498043
9.746,-0.00828076596901543
9.747,-0.00838075950359645
9.748,-0.00842077731688934
9.749,-0.0083547067001935
9.75,-0.00815703564803943
9.751,-0.00783652075723307
9.752,-0.00744066573308249
9.753,-0.007048091115875
9.754,-0.00674973789535897
9.755,-0.00662374118730367
9.756,-0.0067113905756209
9.757,-0.00700188164443353
9.758,-0.00743130367012303
9.759,-0.00789709914191233
9.76,-0.00828436393001589
9.761,-0.00849641545941222
9.762,-0.00848039178127889
9.763,-0.00823991006131462
9.764,-0.00783071266522037
9.765,-0.00734057754498269
9.766,-0.00685985532875198
9.767,-0.00645213388023701
9.768,-0.00613462912652184
9.769,-0.00587484188883116
9.77,-0.00560473313879093
9.771,-0.00524784985664319
9.772,-0.0047503981926784
9.773,-0.00410571651160939
9.774,-0.00336353103304176
9.775,-0.00262022381169162
9.776,-0.00199256814017828
9.777,-0.00158296007353316
9.778,-0.00144723887202285
9.779,-0.00157567747305957
9.78,-0.00189372944862371
9.781,-0.0022828823945366
9.782,-0.00261548755550406
9.783,-0.00279282026840896
9.784,-0.00277440344298085
9.785,-0.00258923723569814
9.786,-0.00232522141634167
9.787,-0.00209994263258115
9.788,-0.00202192466400976
9.789,-0.00215450460019643
9.79,-0.00249371686482257
9.791,-0.00296718835986518
9.792,-0.00345446859982536
9.793,-0.00382252875985161
9.794,-0.00396547163555752
9.795,-0.00383625432279217
9.796,-0.00346078231962957
9.797,-0.00293023367065642
9.798,-0.00237415497282218
9.799,-0.00192264753922432
9.8,-0.00166907687066332
9.801,-0.00164431180704455
9.802,-0.00180977211403375
9.803,-0.00207078053948574
9.804,-0.00230570160694812
9.805,-0.00240191823011663
9.806,-0.0022880947913754
9.807,-0.0019537291193892
9.808,-0.00145106836342484
9.809,-0.000879707399457368
9.81,-0.000359001367944479
9.811,3.54881481606574e-06
9.812,0.000139260298915245
9.813,3.38237733618105e-05
9.814,-0.000271714922345412
9.815,-0.000693614528640622
9.816,-0.00112738402820935
9.817,-0.00147276109197771
9.818,-0.00165541371216095
9.819,-0.00164060608845199
9.82,-0.00143659245724823
9.821,-0.00108820510845785
9.822,-0.000663284392127126
9.823,-0.000235823687183143
9.824,0.000130137759359534
9.825,0.000392576064940422
9.826,0.00053749490564357
9.827,0.000578369935467503
9.828,0.000549869590498903
9.829,0.000497728818246458
9.83,0.000467241935600905
9.831,0.000492945355131996
9.832,0.000591686391329266
9.833,0.000760475173203277
9.834,0.000979412678575332
9.835,0.00121877865989208
9.836,0.0014483158155083
9.837,0.00164614339125018
9.838,0.00180478774043456
9.839,0.00193258475639561
9.84,0.0020500334316602
9.841,0.00218220652105057
9.842,0.00234959009627208
9.843,0.00256030183161021
9.844,0.00280629078322213
9.845,0.00306490457446421
9.846,0.00330547952304465
9.847,0.00349892214277354
9.848,0.00362718219698108
9.849,0.00368945984552822
9.85,0.00370300054486959
9.851,0.00369809768957504
9.852,0.00370885408736269
9.853,0.00376268197433561
9.854,0.00387194020246637
9.855,0.00403035728295527
9.856,0.00421522643291187
9.857,0.00439437263941053
9.858,0.00453529589478764
9.859,0.00461326792176042
9.86,0.00461572846780789
9.861,0.00454187430869182
9.862,0.00439827029223786
9.863,0.00419288991277429
9.864,0.00393058780136661
9.865,0.00361235756150829
9.866,0.00323905231327646
9.867,0.00281817163387928
9.868,0.00237066547786886
9.869,0.00193417460053954
9.87,0.00156002768682139
9.871,0.00130342541092776
9.872,0.00120885919337721
9.873,0.00129499056403067
9.874,0.00154410085767898
9.875,0.00190036761527178
9.876,0.00227878797600228
9.877,0.00258327976338621
9.878,0.00272942192427292
9.879,0.00266550389648589
9.88,0.00238570734562472
9.881,0.00193137883390415
9.882,0.00137983755272854
9.883,0.000823899058695302
9.884,0.000348079697671415
9.885,8.3727519842468e-06
9.886,-0.00017874117517064
9.887,-0.00023535917460544
9.888,-0.000210340983889516
9.889,-0.000160937726663635
9.89,-0.000133966574153351
9.891,-0.000152385269815398
9.892,-0.000211005549056684
9.893,-0.000281877098329854
9.894,-0.000326684138332125
9.895,-0.000311385287929124
9.896,-0.000217946116039537
9.897,-4.93990810670502e-05
9.898,0.000172950859779922
9.899,0.000418528289127445
9.9,0.00065897073685642
9.901,0.000877723636788137
9.902,0.00107432351876658
9.903,0.00126207143109166
9.904,0.00146029356926877
9.905,0.00168434446372571
9.906,0.00193724990238524
9.907,0.00220618982100226
9.908,0.00246518240521754
9.909,0.00268304112313358
9.91,0.00283376409787577
9.911,0.00290564761378968
9.912,0.00290587130845025
9.913,0.00285888864042409
9.914,0.00279909311349439
9.915,0.00276016912622377
9.916,0.00276462252646416
9.917,0.00281688183463519
9.918,0.00290214414302024
9.919,0.00299125538991635
9.92,0.00305000636887637
9.921,0.00304990819763146
9.922,0.00297716889324909
9.923,0.00283727179579969
9.924,0.00265397559255651
9.925,0.0024632257943601
9.926,0.00230386820453692
9.927,0.0022078015071521
9.928,0.00219215358314929
9.929,0.00225532261857711
9.93,0.00237758136869159
9.931,0.00252576024665518
9.932,0.00266061162015855
9.933,0.00274499506242076
9.934,0.00275104291212372
9.935,0.00266487866422824
9.936,0.00248811490622884
9.937,0.00223609141791318
9.938,0.0019334912274901
9.939,0.00160848931629703
9.94,0.00128686760492915
9.941,0.000987514067154313
9.942,0.000720387183269273
9.943,0.000487398260048966
9.944,0.000285851930433136
9.945,0.00011328188111601
9.946,-2.80318377498467e-05
9.947,-0.000128651660959845
9.948,-0.000172947576955043
9.949,-0.000143665709480972
9.95,-2.90282820304089e-05
9.951,0.00016984834660898
9.952,0.000433977409865574
9.953,0.00072637948626276
9.954,0.000997957906915939
9.955,0.00119862674455313
9.956,0.00129100775543849
9.957,0.00126269614685612
9.958,0.00113294603484863
9.959,0.000950852466880108
9.96,0.000784463009445976
9.961,0.000703075919331372
9.962,0.000757381694335304
9.963,0.000963244943735611
9.964,0.00129431742250132
9.965,0.00168637695660585
9.966,0.00205292019850461
9.967,0.00230811002017531
9.968,0.00239077622056913
9.969,0.00228259390758676
9.97,0.00201506042178536
9.971,0.0016630440340164
9.972,0.0013265335096072
9.973,0.00110559091876495
9.974,0.00107536732978052
9.975,0.00126783908957786
9.976,0.00166478137115988
9.977,0.00220314759753019
9.978,0.00279055544232587
9.979,0.00332606331031302
9.98,0.00372055491523842
9.981,0.0039119461840928
9.982,0.00387261022506258
9.983,0.00360901783224317
9.984,0.00315569269853579
9.985,0.0025665402210612
9.986,0.00190627675317447
9.987,0.00124342302502981
9.988,0.000644824243012835
9.989,0.000170645247673461
9.99,-0.000131283239926187
9.991,-0.000232022934465112
9.992,-0.000127889389077061
9.993,0.000155621997105687
9.994,0.00056484038976673
9.995,0.0010254089661634
9.996,0.00145586811992551
9.997,0.00178465030830448
9.998,0.00196606326655528
9.999,0.00199042921124062
10,0.00188481539754404
